lat	lon	Delta_18_16	Delta_D_H	DX	origin	type	subtype
45.87	5.32	-8.58	-58.20	10.40	lsce	measure	
46.20	5.29	-8.80	-58.50	11.90	lsce	measure	
46.12	5.49	-9.12	-60.80	12.10	lsce	measure	
49.37	3.32	-6.40	-44.30	6.90	lsce	measure	
46.50	3.78	-7.55	-51.30	9.10	lsce	measure	
43.83	5.79	-10.89	-78.40	8.80	lsce	measure	
44.04	5.63	-9.75	-66.70	11.20	lsce	measure	
44.20	5.94	-9.09	-62.30	10.40	lsce	measure	
43.96	5.78	-7.28	-48.90	9.40	lsce	measure	
43.95	6.81	-9.25	-60.40	13.50	lsce	measure	
44.39	6.65	-12.69	-89.40	12.20	lsce	measure	
44.90	6.64	-13.89	-100.10	11.00	lsce	measure	
44.94	6.75	-13.67	-99.20	10.20	lsce	measure	
43.58	7.05	-9.02	-58.00	14.20	lsce	measure	
44.10	7.51	-10.77	-73.70	12.50	lsce	measure	
44.52	4.01	-6.83	-38.90	15.70	lsce	measure	
44.35	4.37	-6.57	-40.70	11.80	lsce	measure	
44.62	4.39	-8.06	-50.8	13.7	lsce	measure	
49.427	4.955	-7.30	-47.17	11.2	lsce	measure	
42.92	1.03	-9.10	-60.40	12.40	lsce	measure	
48.07	4.47	-7.61	-49.70	11.30	lsce	measure	
48.28	4.06	-7.01	-48.50	7.60	lsce	measure	
48.23	4.04	-7.07	-47.10	9.40	lsce	measure	
43.22	2.35	-9.72	-64.80	12.90	lsce	measure	
43.22	3.09	-7.88	-51.80	11.20	lsce	measure	
43.03	2.98	-6.17	-36.40	13.00	lsce	measure	
43.273	5.430	-10.84	-79.7	7.0	lsce	measure	
43.53	5.45	-9.74	-67.20	10.70	lsce	measure	
43.52	5.58	-8.36	-57.70	9.10	lsce	measure	
43.68	4.56	-10.07	-70.60	10.00	lsce	measure	
49.184	-0.360	-6.63	-42.60	10.5	lsce	measure	
49.01	0.15	-6.95	-44.40	11.20	lsce	measure	
49.29	-0.10	-6.74	-42.80	11.10	lsce	measure	
49.047	-0.775	-6.85	-42.1	12.7	lsce	measure	
48.90	-0.20	-6.66	-43.10	10.10	lsce	measure	
49.36	-0.88	-6.44	-39.00	12.50	lsce	measure	
49.17	-0.28	-5.79	-37.90	8.40	lsce	measure	
44.88	2.65	-8.35	-52.40	14.40	lsce	measure	
44.90	2.66	-8.28	-52.70	13.60	lsce	measure	
45.65	0.15	-6.10	-37.80	11.00	lsce	measure	
45.70	-0.33	-5.64	-34.10	11.00	lsce	measure	
45.61	-0.33	-5.49	-33.00	10.90	lsce	measure	
45.88	0.07	-5.60	-35.10	9.70	lsce	measure	
45.483	0.277	-6.09	-37.69	11.0	lsce	measure	
45.74	0.24	-6.09	-37.10	11.60	lsce	measure	
45.75	-0.64	-5.75	-34.10	12.00	lsce	measure	
46.01	-1.18	-4.83	-31.30	7.30	lsce	measure	
45.60	-0.75	-5.76	-33.90	12.20	lsce	measure	
45.94	-0.96	-4.60	-29.70	7.10	lsce	measure	
45.83	-1.11	-5.53	-33.70	10.50	lsce	measure	
45.83	-1.20	-5.67	-33.40	12.00	lsce	measure	
45.99	-1.08	-5.05	-31.20	9.30	lsce	measure	
45.61	-0.60	-5.51	-33.30	10.70	lsce	measure	
46.75	2.42	-6.79	-45.40	8.90	lsce	measure	
45.51	2.32	-7.68	-49.80	11.60	lsce	measure	
45.36	1.57	-6.79	-42.80	11.50	lsce	measure	
41.65	8.87	-6.24	-37.40	12.50	lsce	measure	
41.77	9.08	-7.62	-44.80	16.10	lsce	measure	
41.74	9.34	-6.23	-38.70	11.10	lsce	measure	
42.694	9.447	-8.36	-52.07	14.8	lsce	measure	
42.63	9.35	-7.80	-45.50	17.00	lsce	measure	
42.81	9.43	-7.83	-45.20	17.50	lsce	measure	
42.61	8.90	-8.79	-58.40	11.90	lsce	measure	
42.57	8.76	-8.74	-57.10	12.80	lsce	measure	
47.322	5.036	-7.65	-51.5	9.7	lsce	measure	
47.02	5.12	-7.50	-51.40	8.60	lsce	measure	
47.105	4.714	-8.06	-54.2	10.3	lsce	measure	
47.01	4.79	-8.02	-53.60	10.50	lsce	measure	
48.51	-2.77	-5.86	-36.70	10.10	lsce	measure	
48.65	-2.83	-6.42	-40.30	11.00	lsce	measure	
48.80	-3.24	-5.86	-36.60	10.30	lsce	measure	
48.32	-2.26	-5.95	-36.80	10.80	lsce	measure	
48.56	-2.53	-4.54	-31.90	4.40	lsce	measure	
48.38	-3.13	-6.16	-36.20	13.10	lsce	measure	
46.23	2.08	-6.71	-45.50	8.10	lsce	measure	
44.84	0.74	-6.39	-40.30	10.90	lsce	measure	
44.94	0.94	-6.37	-39.90	11.10	lsce	measure	
45.13	1.19	-6.57	-41.60	10.90	lsce	measure	
45.44	0.78	-6.54	-40.70	11.60	lsce	measure	
44.68	0.89	-6.62	-41.80	11.10	lsce	measure	
45.05	0.96	-7.21	-45.80	11.90	lsce	measure	
45.05	0.98	-7.12	-44.90	12.10	lsce	measure	
44.94	1.01	-6.56	-41.80	10.70	lsce	measure	
44.97	1.03	-6.68	-42.20	11.30	lsce	measure	
45.24	1.06	-6.47	-40.80	10.90	lsce	measure	
47.245	6.026	-8.82	-59.08	11.5	lsce	measure	
46.78	6.28	-9.73	-66.30	11.50	lsce	measure	
47.51	6.80	-9.89	-68.70	10.40	lsce	measure	
46.91	6.36	-9.76	-67.70	10.30	lsce	measure	
46.79	6.35	-9.84	-68.50	10.20	lsce	measure	
44.75	5.37	-10.03	-67.30	12.90	lsce	measure	
44.455	4.757	-7.07	-46.3	10.3	lsce	measure	
44.87	4.87	-8.23	-55.60	10.20	lsce	measure	
49.31	1.77	-7.21	-46.60	11.10	lsce	measure	
49.12	0.85	-7.18	-46.70	10.80	lsce	measure	
49.21	1.22	-7.11	-45.80	11.00	lsce	measure	
49.38	0.60	-7.14	-44.80	12.20	lsce	measure	
48.28	1.22	-6.90	-45.80	9.40	lsce	measure	
48.24	1.08	-6.83	-44.40	10.30	lsce	measure	
48.47	1.58	-7.16	-47.50	9.80	lsce	measure	
48.27	1.86	-6.80	-44.80	9.60	lsce	measure	
48.80	1.50	-7.21	-47.60	10.10	lsce	measure	
48.10	-4.33	-4.98	-28.60	11.20	lsce	measure	
48.388	-4.490	-5.05	-30.26	10.1	lsce	measure	
47.99	-4.46	-5.04	-28.80	11.60	lsce	measure	
48.64	-4.45	-5.41	-32.00	11.20	lsce	measure	
48.63	-4.51	-5.23	-30.70	11.10	lsce	measure	
47.819	-3.791	-4.84	-28.8	9.9	lsce	measure	
47.995	-4.109	-5.10	-29.1	11.7	lsce	measure	
43.84	4.36	-9.49	-66.60	9.40	lsce	measure	
44.05	3.99	-5.46	-30.80	12.90	lsce	measure	
43.97	3.86	-5.81	-31.80	14.80	lsce	measure	
44.19	4.52	-5.95	-36.50	11.10	lsce	measure	
44.11	4.59	-7.74	-51.30	10.60	lsce	measure	
43.98	4.17	-5.11	-30.90	9.90	lsce	measure	
44.31	4.35	-6.70	-40.30	13.30	lsce	measure	
44.22	4.35	-5.89	-34.50	12.60	lsce	measure	
43.60	1.45	-9.20	-62.90	10.70	lsce	measure	
43.586	1.541	-9.32	-62.27	12.3	lsce	measure	
43.11	0.61	-9.25	-61.10	12.90	lsce	measure	
43.46	2.00	-6.91	-43.60	11.70	lsce	measure	
43.66	1.19	-9.10	-61.10	11.60	lsce	measure	
43.36	1.62	-9.96	-67.00	12.70	lsce	measure	
43.52	1.56	-7.15	-44.00	13.30	lsce	measure	
43.65	0.59	-9.34	-63.80	10.90	lsce	measure	
43.52	0.16	-6.62	-43.70	9.30	lsce	measure	
44.56	-0.18	-7.79	-50.10	12.20	lsce	measure	
44.65	-0.33	-7.14	-45.40	11.80	lsce	measure	
45.07	-0.79	-5.63	-34.50	10.60	lsce	measure	
44.81	-0.63	-5.87	-36.70	10.30	lsce	measure	
44.55	-0.87	-5.69	-35.40	10.20	lsce	measure	
44.29	-0.23	-7.16	-45.40	11.90	lsce	measure	
45.19	-0.49	-5.79	-35.50	10.80	lsce	measure	
43.61	3.87	-5.54	-32.30	12.00	lsce	measure	
43.34	3.29	-5.97	-34.30	13.50	lsce	measure	
43.67	3.36	-6.05	-33.50	14.90	lsce	measure	
43.63	3.42	-6.10	-35.00	13.80	lsce	measure	
48.27	-1.20	-6.13	-37.70	11.30	lsce	measure	
48.57	-1.97	-5.98	-37.60	10.20	lsce	measure	
48.09	-1.10	-4.76	-31.60	6.50	lsce	measure	
48.01	-1.84	-6.26	-41.30	8.80	lsce	measure	
48.63	-2.06	-6.06	-39.50	9.00	lsce	measure	
46.73	0.95	-6.12	-40.70	8.30	lsce	measure	
46.85	1.54	-6.44	-42.10	9.40	lsce	measure	
46.64	1.42	-6.75	-44.20	9.80	lsce	measure	
47.33	0.41	-7.06	-46.30	10.20	lsce	measure	
47.10	0.62	-7.18	-47.10	10.30	lsce	measure	
45.16	6.00	-10.47	-74.50	9.30	lsce	measure	
45.19	5.76	-11.46	-81.10	10.50	lsce	measure	
45.54	5.67	-9.51	-66.30	9.80	lsce	measure	
45.37	5.59	-9.83	-67.00	11.70	lsce	measure	
45.53	4.91	-8.44	-58.70	8.80	lsce	measure	
46.67	5.55	-7.73	-53.20	8.70	lsce	measure	
43.71	-1.05	-6.31	-36.30	14.20	lsce	measure	
43.665	-1.395	-6.07	-35.1	13.5	lsce	measure	
43.72	-0.27	-8.37	-53.80	13.20	lsce	measure	
47.66	1.37	-6.53	-44.00	8.30	lsce	measure	
47.25	1.35	-7.79	-52.50	9.80	lsce	measure	
47.48	1.18	-7.54	-49.20	11.20	lsce	measure	
47.42	2.05	-7.06	-49.40	7.10	lsce	measure	
47.348	2.050	-7.52	-50.7	9.4	lsce	measure	
47.70	1.51	-6.98	-46.40	9.50	lsce	measure	
45.38	4.00	-8.94	-58.20	13.40	lsce	measure	
46.16	4.30	-8.20	-52.40	13.20	lsce	measure	
44.94	4.00	-9.11	-60.20	12.70	lsce	measure	
45.12	3.72	-9.40	-63.40	11.80	lsce	measure	
44.77	3.88	-9.22	-61.20	12.60	lsce	measure	
44.87	3.92	-9.56	-64.20	12.30	lsce	measure	
47.196	-1.531	-6.63	-44.27	8.8	lsce	measure	
47.09	-1.28	-6.56	-43.80	8.70	lsce	measure	
47.12	-2.10	-6.14	-40.50	8.60	lsce	measure	
47.30	-1.55	-6.81	-45.30	9.20	lsce	measure	
47.42	-1.01	-5.94	-41.40	6.10	lsce	measure	
47.27	-2.34	-4.63	-30.90	6.20	lsce	measure	
47.21	-1.65	-6.71	-44.60	9.10	lsce	measure	
47.82	1.64	-6.58	-43.60	9.00	lsce	measure	
47.82	2.82	-7.90	-52.50	10.70	lsce	measure	
48.16	2.21	-6.88	-45.20	9.80	lsce	measure	
47.93	2.14	-6.92	-46.60	8.80	lsce	measure	
44.51	1.64	-7.12	-45.10	11.80	lsce	measure	
45.03	1.52	-6.86	-42.70	12.20	lsce	measure	
44.502	0.161	-7.65	-49.86	11.4	lsce	measure	
44.476	0.038	-7.52	-48.80	11.3	lsce	measure	
44.16	0.61	-7.61	-50.30	10.60	lsce	measure	
44.32	0.09	-6.00	-37.80	10.20	lsce	measure	
44.56	3.26	-8.44	-54.30	13.30	lsce	measure	
44.44	3.93	-6.34	-34.90	15.90	lsce	measure	
47.54	-0.34	-6.65	-42.80	10.40	lsce	measure	
47.72	-0.91	-5.82	-37.20	9.40	lsce	measure	
49.64	-1.63	-5.84	-35.00	11.70	lsce	measure	
49.66	-1.57	-5.97	-36.00	11.70	lsce	measure	
48.64	-1.51	-6.18	-38.00	11.40	lsce	measure	
49.22	-1.53	-5.73	-34.50	11.40	lsce	measure	
49.61	-1.82	-6.10	-35.40	13.40	lsce	measure	
49.71	-1.90	-6.15	-36.20	13.00	lsce	measure	
48.92	-1.44	-6.03	-36.80	11.40	lsce	measure	
49.59	-1.24	-6.25	-37.80	12.20	lsce	measure	
49.51	-1.47	-5.94	-37.10	10.40	lsce	measure	
49.69	-1.45	-6.19	-38.30	11.30	lsce	measure	
48.96	4.36	-6.88	-47.00	8.00	lsce	measure	
49.26	4.03	-7.13	-48.20	8.80	lsce	measure	
48.73	3.72	-7.37	-48.00	11.00	lsce	measure	
49.34	4.02	-6.88	-45.50	9.50	lsce	measure	
48.72	4.58	-7.26	-49.40	8.70	lsce	measure	
49.00	3.97	-6.70	-44.20	9.40	lsce	measure	
48.11	5.14	-7.79	-50.80	11.50	lsce	measure	
48.057	4.960	-7.29	-49.4	8.9	lsce	measure	
47.977	5.498	-7.85	-52.60	10.2	lsce	measure	
47.89	5.09	-7.85	-50.80	12.00	lsce	measure	
48.30	-0.61	-6.13	-38.10	11.00	lsce	measure	
47.83	-0.71	-5.26	-34.20	7.90	lsce	measure	
48.10	-0.35	-6.37	-39.60	11.30	lsce	measure	
48.01	-0.39	-6.23	-39.00	10.80	lsce	measure	
47.87	-0.48	-5.81	-37.40	9.10	lsce	measure	
48.30	-0.94	-6.03	-36.40	11.90	lsce	measure	
48.07	-0.83	-6.35	-38.50	12.20	lsce	measure	
48.66	6.16	-8.59	-57.30	11.50	lsce	measure	
48.47	5.43	-7.69	-50.70	10.90	lsce	measure	
49.12	5.53	-7.48	-50.60	9.30	lsce	measure	
47.66	-2.76	-5.25	-30.20	11.80	lsce	measure	
47.74	-3.36	-5.35	-31.20	11.50	lsce	measure	
47.52	-2.65	-3.99	-26.20	5.60	lsce	measure	
47.828	-3.199	-5.28	-31.03	11.2	lsce	measure	
47.58	-3.03	-5.27	-30.90	11.30	lsce	measure	
47.62	-2.73	-5.04	-30.70	9.60	lsce	measure	
49.05	7.43	-8.64	-57.90	11.30	lsce	measure	
48.82	7.15	-8.91	-59.70	11.60	lsce	measure	
49.14	6.41	-7.46	-51.80	7.90	lsce	measure	
46.99	3.16	-6.79	-47.40	6.90	lsce	measure	
46.94	3.16	-6.69	-45.60	7.90	lsce	measure	
47.34	2.93	-7.06	-47.50	9.00	lsce	measure	
46.98	3.09	-6.86	-47.10	7.80	lsce	measure	
47.195	4.057	-6.77	-46.2	8.0	lsce	measure	
46.91	3.76	-6.77	-46.20	8.00	lsce	measure	
50.628	3.045	-6.51	-42.48	9.6	lsce	measure	
50.60	3.19	-6.78	-44.60	9.60	lsce	measure	
50.33	3.07	-6.59	-44.00	8.80	lsce	measure	
50.61	2.85	-6.78	-44.90	9.40	lsce	measure	
50.36	3.52	-7.03	-45.90	10.30	lsce	measure	
50.31	3.99	-6.82	-44.70	9.80	lsce	measure	
50.28	3.97	-7.13	-46.70	10.30	lsce	measure	
49.61	2.21	-7.44	-48.40	11.10	lsce	measure	
49.41	2.83	-7.07	-46.50	10.10	lsce	measure	
49.35	3.03	-7.16	-46.90	10.40	lsce	measure	
50.73	1.61	-6.56	-40.50	12.00	lsce	measure	
50.49	2.81	-6.58	-43.40	9.20	lsce	measure	
50.75	2.25	-6.95	-43.80	11.80	lsce	measure	
45.78	3.08	-8.71	-57.60	12.10	lsce	measure	
45.60	2.73	-8.92	-56.80	14.50	lsce	measure	
45.74	2.82	-8.57	-55.50	13.10	lsce	measure	
45.88	3.57	-8.39	-54.70	12.40	lsce	measure	
45.47	3.25	-8.26	-54.10	12.00	lsce	measure	
45.54	3.25	-8.26	-53.80	12.30	lsce	measure	
45.51	2.86	-9.26	-59.50	14.60	lsce	measure	
45.57	2.94	-9.26	-60.70	13.40	lsce	measure	
43.42	-0.58	-9.64	-64.10	13.00	lsce	measure	
43.48	-1.56	-7.07	-42.50	14.10	lsce	measure	
43.47	-0.32	-8.56	-53.60	14.80	lsce	measure	
43.11	-0.86	-7.65	-46.90	14.30	lsce	measure	
42.98	-0.60	-8.52	-55.30	12.90	lsce	measure	
43.23	-0.08	-8.98	-57.70	14.10	lsce	measure	
42.89	-0.11	-11.17	-75.80	13.50	lsce	measure	
42.73	-0.01	-10.16	-68.70	12.70	lsce	measure	
42.87	-0.02	-11.00	-74.90	13.10	lsce	measure	
43.10	0.36	-8.22	-53.20	12.60	lsce	measure	
42.71	0.29	-10.61	-72.90	12.00	lsce	measure	
42.82	0.32	-11.41	-78.10	13.10	lsce	measure	
43.19	0.22	-9.13	-59.80	13.20	lsce	measure	
42.82	0.41	-10.82	-73.50	13.00	lsce	measure	
42.84	0.40	-10.67	-72.60	12.80	lsce	measure	
43.53	-0.02	-7.26	-47.50	10.50	lsce	measure	
42.70	2.89	-8.50	-55.30	12.70	lsce	measure	
42.81	2.37	-9.00	-58.20	13.80	lsce	measure	
42.62	2.46	-9.95	-67.50	12.10	lsce	measure	
42.48	3.13	-7.40	-46.50	12.80	lsce	measure	
42.51	3.12	-7.36	-46.30	12.60	lsce	measure	
42.52	2.93	-6.82	-44.60	9.90	lsce	measure	
48.57	7.73	-9.93	-71.20	8.20	lsce	measure	
48.45	7.25	-9.40	-62.90	12.30	lsce	measure	
48.49	7.32	-9.23	-62.90	10.90	lsce	measure	
48.46	7.48	-8.57	-60.00	8.50	lsce	measure	
48.86	7.32	-8.58	-58.20	10.40	lsce	measure	
48.91	7.42	-8.59	-59.10	9.60	lsce	measure	
48.67	7.51	-8.85	-62.10	8.80	lsce	measure	
48.35	7.13	-8.83	-58.00	12.60	lsce	measure	
48.76	7.36	-8.72	-59.90	9.90	lsce	measure	
48.08	7.36	-8.91	-65.30	6.00	lsce	measure	
47.75	7.33	-8.43	-59.10	8.30	lsce	measure	
48.05	7.13	-10.01	-66.40	13.60	lsce	measure	
47.70	7.36	-8.68	-61.80	7.60	lsce	measure	
47.72	7.14	-8.78	-59.40	10.80	lsce	measure	
45.75	4.84	-10.14	-73.10	8.00	lsce	measure	
45.99	4.72	-7.79	-54.70	7.60	lsce	measure	
45.81	4.77	-9.78	-70.40	7.80	lsce	measure	
46.06	4.49	-7.64	-53.20	7.90	lsce	measure	
47.59	5.83	-7.67	-51.80	9.60	lsce	measure	
47.69	6.05	-7.96	-53.20	10.40	lsce	measure	
46.31	4.83	-7.50	-53.20	6.80	lsce	measure	
46.69	4.84	-7.11	-48.90	8.00	lsce	measure	
46.94	4.31	-6.85	-49.00	5.80	lsce	measure	
48.00	0.20	-6.42	-41.50	9.90	lsce	measure	
48.25	-0.04	-6.88	-43.20	11.80	lsce	measure	
48.19	-0.13	-6.74	-43.00	11.00	lsce	measure	
48.06	0.49	-6.84	-44.50	10.20	lsce	measure	
48.05	0.25	-6.71	-43.40	10.30	lsce	measure	
48.17	0.38	-6.51	-43.70	8.40	lsce	measure	
47.84	-0.33	-5.48	-37.90	5.90	lsce	measure	
48.03	-0.27	-6.58	-41.30	11.40	lsce	measure	
47.76	0.27	-6.69	-42.80	10.80	lsce	measure	
48.17	0.59	-6.82	-44.00	10.60	lsce	measure	
47.75	0.14	-6.41	-41.90	9.40	lsce	measure	
48.35	0.37	-6.26	-39.70	10.40	lsce	measure	
45.44	6.64	-13.26	-95.00	11.10	lsce	measure	
45.22	6.46	-12.76	-92.10	10.00	lsce	measure	
45.48	6.46	-11.42	-79.20	12.10	lsce	measure	
45.68	5.85	-10.41	-70.10	13.10	lsce	measure	
45.43	6.56	-13.15	-95.80	9.40	lsce	measure	
45.59	6.88	-14.13	-102.30	10.70	lsce	measure	
45.92	6.67	-12.76	-88.90	13.20	lsce	measure	
45.86	6.20	-9.31	-68.00	6.50	lsce	measure	
46.27	6.84	-11.76	-83.10	11.00	lsce	measure	
45.94	6.92	-13.22	-92.70	13.00	lsce	measure	
45.915	6.861	-13.15	-93.81	11.4	lsce	measure	
45.99	6.93	-12.98	-90.90	12.90	lsce	measure	
45.83	6.17	-9.31	-67.40	7.10	lsce	measure	
45.94	6.43	-12.07	-83.70	12.80	lsce	measure	
46.40	6.59	-11.94	-85.60	9.90	lsce	measure	
49.44	1.09	-7.09	-44.90	11.80	lsce	measure	
49.92	1.08	-6.83	-43.30	11.30	lsce	measure	
49.76	0.37	-6.72	-41.6	12.2	lsce	measure	
49.50	0.13	-6.73	-41.4	12.4	lsce	measure	
49.64	0.64	-6.77	-41.80	12.30	lsce	measure	
49.70	0.21	-6.52	-40.8	11.4	lsce	measure	
48.54	2.66	-6.97	-46.70	9.10	lsce	measure	
48.43	2.93	-6.45	-43.60	7.90	lsce	measure	
48.26	2.72	-6.56	-44.30	8.10	lsce	measure	
48.47	3.00	-7.38	-48.20	10.80	lsce	measure	
48.41	2.70	-7.00	-46.40	9.60	lsce	measure	
48.64	2.83	-6.79	-45.00	9.30	lsce	measure	
48.73	2.02	-6.58	-44.90	7.70	lsce	measure	
48.80	1.67	-6.54	-45.60	6.70	lsce	measure	
48.79	1.60	-6.97	-46.20	9.50	lsce	measure	
48.52	1.83	-7.17	-46.80	10.50	lsce	measure	
48.96	1.84	-6.54	-44.60	7.80	lsce	measure	
48.66	1.93	-6.73	-45.80	8.10	lsce	measure	
46.98	-0.22	-5.99	-39.20	8.80	lsce	measure	
46.86	-0.69	-5.47	-35.94	7.8	lsce	measure	
46.430	-0.503	-5.43	-33.25	10.2	lsce	measure	
46.22	-0.45	-5.47	-34.30	9.50	lsce	measure	
49.899	2.300	-7.13	-46.78	10.3	lsce	measure	
50.19	1.64	-6.52	-41.90	10.30	lsce	measure	
49.84	1.77	-7.33	-47.10	11.50	lsce	measure	
43.93	2.14	-6.92	-43.40	11.90	lsce	measure	
44.06	1.78	-7.27	-43.90	14.20	lsce	measure	
43.94	2.47	-6.91	-43.70	11.50	lsce	measure	
44.23	1.53	-6.65	-41.80	11.40	lsce	measure	
43.94	1.29	-8.20	-54.80	10.80	lsce	measure	
43.12	5.80	-6.89	-43.30	11.80	lsce	measure	
43.26	5.95	-6.87	-40.30	14.60	lsce	measure	
43.41	6.06	-6.85	-40.50	14.20	lsce	measure	
43.42	5.99	-7.04	-41.70	14.70	lsce	measure	
43.17	6.53	-6.73	-45.00	8.80	lsce	measure	
43.46	6.68	-6.05	-38.70	9.70	lsce	measure	
43.63	6.22	-8.04	-50.90	13.50	lsce	measure	
43.946	4.810	-9.88	-70.05	9.0	lsce	measure	
44.24	5.07	-9.12	-62.60	10.30	lsce	measure	
43.76	5.59	-9.58	-67.40	9.30	lsce	measure	
43.79	5.57	-9.44	-66.20	9.30	lsce	measure	
44.28	4.75	-10.25	-71.80	10.20	lsce	measure	
46.79	-2.06	-3.56	-25.70	2.80	lsce	measure	
46.57	-1.12	-5.24	-31.70	10.20	lsce	measure	
47.00	-2.25	-4.31	-28.30	6.20	lsce	measure	
46.63	-1.85	-3.67	-25.30	4.10	lsce	measure	
46.59	0.34	-6.18	-38.60	10.80	lsce	measure	
46.77	0.16	-5.99	-39.20	8.70	lsce	measure	
46.70	0.37	-5.90	-40.30	6.90	lsce	measure	
46.83	0.46	-5.69	-38.10	7.40	lsce	measure	
45.83	1.26	-6.98	-44.40	11.50	lsce	measure	
46.21	1.17	-6.36	-41.20	9.70	lsce	measure	
46.16	1.38	-6.82	-43.30	11.30	lsce	measure	
45.88	1.24	-6.93	-42.60	12.80	lsce	measure	
48.16	6.47	-8.68	-57.90	11.60	lsce	measure	
48.35	5.70	-7.79	-52.20	10.10	lsce	measure	
48.05	7.00	-9.92	-65.50	13.90	lsce	measure	
48.12	6.73	-9.23	-62.80	11.10	lsce	measure	
48.19	6.01	-8.24	-54.30	11.60	lsce	measure	
47.97	3.25	-7.23	-48.00	9.80	lsce	measure	
47.47	3.75	-7.43	-49.20	10.20	lsce	measure	
47.84	3.61	-7.00	-46.50	9.50	lsce	measure	
48.53	2.01	-7.14	-47.60	9.60	lsce	measure	
48.82	2.32	-6.62	-45.20	7.70	lsce	measure	
48.81	2.27	-6.50	-43.20	8.70	lsce	measure	
49.01	2.54	-6.57	-44.90	7.70	lsce	measure	
42.577	1.668	-10.80	-72.7	13.7	other	measure	
50.817	3.267	-6.20	-41.4	8.2	other	measure	
50.645	5.575	-7.78	-50.9	11.3	other	measure	
50.606	3.388	-6.83	-45.0	9.6	other	measure	
47.557	7.590	-9.58	-67.6	9.0	other	measure	
48.584	7.8237	-8.12	-56.8	8.1	other	measure	
47.799	7.653	-10.82	-76.9	9.6	other	measure	
48.4736	8.1573	-9.19	-60.6	12.9	other	measure	
51.507	-0.128	-7.37	-48.2	10.7	other	measure	
49.61	6.132	-8.33	-54.2	12.5	other	measure	
50.85	4.35	-7.05	-46.9	9.5	other	measure	
46.17	8.78	-8.77	-62.47	7.67	other	measure	
46.57	8.33	-13.58	-96.07	12.54	other	measure	
46.65	8.3	-12.45	-85.31	14.29	other	measure	
46.95	7.43	-9.94	-69.73	9.8	other	measure	
47.48	11.07	-10.44	-75.9	7.6	other	measure	
47.6	7.63	-8.52	-61.6	6.6	other	measure	
47.68	9.18	-9.61	-69.9	7.0	other	measure	
47.71	7.81	-10.7			other	measure	
47.75	7.8	-11.3			other	measure	
47.8	11.02	-10.8	-76.4	10.0	other	measure	
48.83	9.2	-7.99	-59	4.9	other	measure	
49.02	8.38	-7.97	-56.5	7.3	other	measure	
49.44	9.01	-8.5	-61.5	6.5	other	measure	
49.75	6.67	-7.37	-52.7	6.3	other	measure	
50.02	8.45	-8.07	-58.3	6.3	other	measure	
50.14	7.17	-6.93	-50.3	5.1	other	measure	
50.35	7.58	-6.91	-51.1	4.2	other	measure	
50.35	7.6	-8.13	-58.7	6.3	other	measure	
50.5	9.95	-9.59	-65.9	10.8	other	measure	
51.18	8.48	-8.84	-58.8	11.9	other	measure	
51.83	6.6	-7.44	-52.2	7.3	other	measure	
50.72	1.98	-6.4	-39	12.2	other	measure	
50.07	-5.72	-4.6	-29	7.8	other	measure	
50.1	-5.28	-5.3	-34	8.4	other	measure	
50.12	-5.54	-4.8	-28	10.4	other	measure	
50.15	-5.06	-4.1	-25	7.8	other	measure	
50.19	-5.42	-5.6	-32	12.8	other	measure	
50.21	-5.50	-5.8	-34	12.4	other	measure	
50.26	-5.29	-5.1	-31	9.8	other	measure	
50.44	-3.57	-6.0	-37	11.0	other	measure	
50.52	-4.65	-6.1	-34	14.8	other	measure	
50.61	-1.96	-6.2	-38	11.6	other	measure	
50.65	-4.23	-6.3	-38	12.4	other	measure	
50.65	-4.10	-6.2	-38	11.6	other	measure	
50.66	-4.62	-6.1	-36	12.8	other	measure	
50.66	-4.75	-3.8	-23	7.4	other	measure	
50.7	-2.45	-6.4	-39	12.2	other	measure	
50.75	-3.33	-6.3	-40	10.4	other	measure	
50.78	-2.99	-6.5	-41	11.0	other	measure	
50.79	-1.09	-6.5	-41	11.0	other	measure	
50.83	-1.84	-6.5	-41	11.0	other	measure	
50.84	0.14	-6.3	-38	12.4	other	measure	
50.85	-1.295	-6.51			other	measure	
50.86	-0.65	-6.5	-41	11.0	other	measure	
50.86	0.58	-6.3	-38	12.4	other	measure	
50.86	-0.89	-6.5	-40	12.0	other	measure	
50.87	-1.35	-6.48			other	measure	
50.901	-1.4	-6.60			other	measure	
50.98	-3.14	-7.3	-46	12.4	other	measure	
51.01	0.86	-7.3	-45	13.4	other	measure	
51.09	1.17	-7.0	-42	14.0	other	measure	
51.24	-0.21	-7.2	-43	14.6	other	measure	
51.66	-2.43	-7.1	-45	11.8	other	measure	
51.90	-2.07	-7.1	-47	9.8	other	measure	
39.22	9.12	-5.62	-34	11.0	other	measure	
40.72	8.56	-6.58	-37.3	15.3	other	measure	
41.9	12.5	-5.65			other	measure	
42.25	12.35	-6.27			other	measure	
42.25	11.76	-5.58	-33.8	10.8	other	measure	
42.46	11.75	-5.01	-29.3	10.8	other	measure	
42.92	10.52	-6.04	-36.6	11.7	other	measure	
43.32	11.33	-6.53	-39.6	12.6	other	measure	
43.71	10.4	-5.51	-33.3	10.8	other	measure	
43.77	11.25	-5.96	-36.9	10.8	other	measure	
43.89	8.03	-6.62	-40.5	12.5	other	measure	
44.37	9.88	-5.34	-30.4	12.3	other	measure	
44.38	7.54	-8			other	measure	
44.42	8.85	-5.53	-34.6	9.6	other	measure	
44.45	9.62	-7.11	-41.4	15.5	other	measure	
45.05	9.69	-6.59	-39	13.7	other	measure	
45.13	8.45	-7.16	-44.3	13.0	other	measure	
45.47	9.19	-7.13	-43.9	13.1	other	measure	
45.56	8.64	-7.7	-48.8	12.8	other	measure	
45.88	10.19	-7.66	-51.1	10.2	other	measure	
45.92	8.54	-7.4	-46.6	12.6	other	measure	
46.06	11.12	-8.41	-57.2	10.1	other	measure	
46.12	8.2	-9.04	-60	12.3	other	measure	
46.13	11.03	-9.36	-61.4	13.5	other	measure	
46.21	10.88	-11.38	-78.2	12.8	other	measure	
46.22	10.85	-10.66	-72.2	13.1	other	measure	
46.31	9.4	-8.39			other	measure	
50.92	5.78	-7.27	-47.66	10.5	other	measure	
51.57	4.93	-7.49	-49.13	10.79	other	measure	
52.1	5.18	-7.11	-46.97	9.9	other	measure	
40.410	-3.680	-7.71	-53.91	7.7	other	measure	
40.813	0.516	-5.48	-31.48	12.4	other	measure	
41.323	-5.885	-7.14	-49.50	7.6	other	measure	
41.476	-6.574	-5.77	-41.90	4.3	other	measure	
41.633	-4.767	-7.82	-56.93	5.7	other	measure	
41.670	-1.025	-5.13	-37.16	3.9	other	measure	
41.900	2.750	-6.35	-40.67	10.1	other	measure	
42.583	-5.650	-7.39	-51.90	7.2	other	measure	
42.915	-7.004	-6.62	-41.20	11.8	other	measure	
43.483	-3.800	-5.43	-30.53	12.9	other	measure	
45.64	5.16	-5.80	-37.21	9.22	lsce	model	precip
46.11	5.16	-5.69	-34.92	10.62	lsce	model	precip
46.11	5.63	-6.21	-38.76	10.91	lsce	model	precip
49.39	3.28	-5.77	-36.56	9.61	lsce	model	precip
46.58	3.75	-5.50	-34.78	9.25	lsce	model	precip
43.77	5.63	-6.38	-40.48	10.53	lsce	model	precip
44.24	5.63	-7.02	-46.52	9.64	lsce	model	precip
44.24	6.09	-8.17	-56.10	9.25	lsce	model	precip
43.77	5.63	-6.38	-40.48	10.53	lsce	model	precip
43.77	7.03	-7.10	-45.99	10.81	lsce	model	precip
44.24	6.56	-9.10	-62.58	10.20	lsce	model	precip
44.71	6.56	-10.59	-73.82	10.94	lsce	model	precip
44.71	6.56	-10.59	-73.82	10.94	lsce	model	precip
43.77	7.03	-7.10	-45.99	10.81	lsce	model	precip
44.24	7.50	-8.36	-57.18	9.68	lsce	model	precip
44.71	4.22	-5.99	-37.86	10.06	lsce	model	precip
44.24	4.22	-5.72	-34.29	11.50	lsce	model	precip
44.71	4.22	-5.99	-37.86	10.06	lsce	model	precip
49.39	5.16	-6.02	-37.98	10.15	lsce	model	precip
42.83	0.94	-7.39	-47.49	11.66	lsce	model	precip
47.98	4.69	-5.86	-36.65	10.20	lsce	model	precip
48.45	4.22	-5.95	-37.68	9.90	lsce	model	precip
48.45	4.22	-5.95	-37.68	9.90	lsce	model	precip
43.30	2.34	-5.74	-35.17	10.77	lsce	model	precip
43.30	3.28	-4.76	-28.64	9.47	lsce	model	precip
42.83	2.81	-5.67	-35.33	10.04	lsce	model	precip
43.30	5.63	-5.44	-33.59	9.95	lsce	model	precip
43.30	5.63	-5.44	-33.59	9.95	lsce	model	precip
43.30	5.63	-5.44	-33.59	9.95	lsce	model	precip
43.77	4.69	-5.39	-34.47	8.65	lsce	model	precip
49.39	-0.47	-5.53	-34.91	9.36	lsce	model	precip
48.92	0.00	-5.61	-35.21	9.63	lsce	model	precip
49.39	0.00	-5.75	-37.34	8.66	lsce	model	precip
48.92	-0.94	-5.52	-34.74	9.39	lsce	model	precip
48.92	0.00	-5.61	-35.21	9.63	lsce	model	precip
49.39	-0.94	-5.27	-33.15	9.00	lsce	model	precip
49.39	-0.47	-5.53	-34.91	9.36	lsce	model	precip
44.71	2.81	-6.50	-40.63	11.39	lsce	model	precip
44.71	2.81	-6.50	-40.63	11.39	lsce	model	precip
45.64	0.00	-4.58	-26.50	10.13	lsce	model	precip
45.64	-0.47	-4.58	-26.52	10.15	lsce	model	precip
45.64	-0.47	-4.58	-26.52	10.15	lsce	model	precip
46.11	0.00	-4.90	-29.06	10.10	lsce	model	precip
45.64	0.47	-4.73	-27.64	10.17	lsce	model	precip
45.64	0.47	-4.73	-27.64	10.17	lsce	model	precip
45.64	-0.47	-4.58	-26.52	10.15	lsce	model	precip
46.11	-1.41	-4.65	-28.42	8.82	lsce	model	precip
45.64	-0.94	-4.76	-28.23	9.84	lsce	model	precip
46.11	-0.94	-4.74	-28.26	9.63	lsce	model	precip
45.64	-0.94	-4.76	-28.23	9.84	lsce	model	precip
45.64	-1.41	-4.63	-28.40	8.67	lsce	model	precip
46.11	-0.94	-4.74	-28.26	9.63	lsce	model	precip
45.64	-0.47	-4.58	-26.52	10.15	lsce	model	precip
46.58	2.34	-5.87	-37.24	9.69	lsce	model	precip
45.64	2.34	-6.23	-38.56	11.28	lsce	model	precip
45.18	1.41	-5.05	-29.55	10.82	lsce	model	precip
41.43	8.91	-5.56	-34.95	9.52	lsce	model	precip
41.90	8.91	-5.97	-36.49	11.28	lsce	model	precip
41.90	9.38	-5.68	-33.94	11.54	lsce	model	precip
42.83	9.38	-6.34	-40.93	9.77	lsce	model	precip
42.83	9.38	-6.34	-40.93	9.77	lsce	model	precip
42.83	9.38	-6.34	-40.93	9.77	lsce	model	precip
42.83	8.91	-6.51	-42.48	9.59	lsce	model	precip
42.37	8.91	-6.32	-38.85	11.70	lsce	model	precip
47.52	5.16	-6.03	-38.35	9.93	lsce	model	precip
47.05	5.16	-6.36	-40.43	10.47	lsce	model	precip
47.05	4.69	-6.03	-37.97	10.24	lsce	model	precip
47.05	4.69	-6.03	-37.97	10.24	lsce	model	precip
48.45	-2.81	-5.31	-33.50	9.01	lsce	model	precip
48.45	-2.81	-5.31	-33.50	9.01	lsce	model	precip
48.92	-3.28	-5.00	-31.32	8.64	lsce	model	precip
48.45	-2.34	-5.23	-32.74	9.07	lsce	model	precip
48.45	-2.34	-5.23	-32.74	9.07	lsce	model	precip
48.45	-3.28	-5.28	-33.17	9.03	lsce	model	precip
46.11	1.88	-6.05	-37.71	10.67	lsce	model	precip
44.71	0.94	-5.18	-30.97	10.46	lsce	model	precip
44.71	0.94	-5.18	-30.97	10.46	lsce	model	precip
45.18	1.41	-5.05	-29.55	10.82	lsce	model	precip
45.64	0.94	-5.09	-30.07	10.68	lsce	model	precip
44.71	0.94	-5.18	-30.97	10.46	lsce	model	precip
45.18	0.94	-4.77	-27.92	10.23	lsce	model	precip
45.18	0.94	-4.77	-27.92	10.23	lsce	model	precip
44.71	0.94	-5.18	-30.97	10.46	lsce	model	precip
45.18	0.94	-4.77	-27.92	10.23	lsce	model	precip
45.18	0.94	-4.77	-27.92	10.23	lsce	model	precip
47.05	6.09	-6.84	-43.94	10.79	lsce	model	precip
46.58	6.09	-7.03	-45.23	11.05	lsce	model	precip
47.52	7.03	-7.15	-46.81	10.36	lsce	model	precip
47.05	6.56	-7.15	-46.69	10.49	lsce	model	precip
46.58	6.56	-8.46	-57.25	10.39	lsce	model	precip
44.71	5.16	-6.69	-43.19	10.30	lsce	model	precip
44.24	4.69	-5.60	-34.84	9.99	lsce	model	precip
44.71	4.69	-6.07	-38.65	9.88	lsce	model	precip
49.39	1.88	-5.79	-36.87	9.45	lsce	model	precip
48.92	0.94	-5.74	-36.40	9.56	lsce	model	precip
49.39	1.41	-5.73	-36.35	9.48	lsce	model	precip
49.39	0.47	-5.64	-36.02	9.07	lsce	model	precip
48.45	1.41	-5.82	-37.03	9.57	lsce	model	precip
48.45	0.94	-5.64	-35.79	9.35	lsce	model	precip
48.45	1.41	-5.82	-37.03	9.57	lsce	model	precip
48.45	1.88	-5.77	-36.40	9.73	lsce	model	precip
48.92	1.41	-5.92	-37.91	9.48	lsce	model	precip
47.98	-4.22	-4.73	-29.41	8.43	lsce	model	precip
48.45	-4.69	-4.81	-30.17	8.34	lsce	model	precip
47.98	-4.69	-4.55	-27.93	8.48	lsce	model	precip
48.45	-4.22	-4.88	-30.34	8.69	lsce	model	precip
48.45	-4.69	-4.81	-30.17	8.34	lsce	model	precip
47.98	-3.75	-4.83	-29.92	8.73	lsce	model	precip
47.98	-4.22	-4.73	-29.41	8.43	lsce	model	precip
43.77	4.22	-4.93	-29.98	9.50	lsce	model	precip
44.24	4.22	-5.72	-34.29	11.50	lsce	model	precip
43.77	3.75	-5.21	-30.65	11.03	lsce	model	precip
44.24	4.69	-5.60	-34.84	9.99	lsce	model	precip
44.24	4.69	-5.60	-34.84	9.99	lsce	model	precip
43.77	4.22	-4.93	-29.98	9.50	lsce	model	precip
44.24	4.22	-5.72	-34.29	11.50	lsce	model	precip
44.24	4.22	-5.72	-34.29	11.50	lsce	model	precip
43.77	1.41	-4.95	-29.72	9.85	lsce	model	precip
43.77	1.41	-4.95	-29.72	9.85	lsce	model	precip
43.30	0.47	-6.21	-38.72	10.96	lsce	model	precip
43.30	1.88	-5.99	-38.08	9.84	lsce	model	precip
43.77	1.41	-4.95	-29.72	9.85	lsce	model	precip
43.30	1.41	-6.18	-39.63	9.82	lsce	model	precip
43.30	1.41	-6.18	-39.63	9.82	lsce	model	precip
43.77	0.47	-4.66	-27.29	10.00	lsce	model	precip
43.30	0.00	-6.12	-38.02	10.97	lsce	model	precip
44.71	0.00	-5.02	-29.93	10.26	lsce	model	precip
44.71	-0.47	-4.92	-29.03	10.30	lsce	model	precip
45.18	-0.94	-4.84	-28.98	9.72	lsce	model	precip
44.71	-0.47	-4.92	-29.03	10.30	lsce	model	precip
44.71	-0.94	-4.93	-29.70	9.74	lsce	model	precip
44.24	0.00	-4.87	-28.39	10.55	lsce	model	precip
45.18	-0.47	-4.60	-26.84	9.93	lsce	model	precip
43.77	3.75	-5.21	-30.65	11.03	lsce	model	precip
43.30	3.28	-4.76	-28.64	9.47	lsce	model	precip
43.77	3.28	-5.11	-28.72	12.16	lsce	model	precip
43.77	3.28	-5.11	-28.72	12.16	lsce	model	precip
48.45	-1.41	-5.26	-33.03	9.03	lsce	model	precip
48.45	-1.88	-5.18	-32.46	8.97	lsce	model	precip
47.98	-0.94	-5.04	-31.56	8.78	lsce	model	precip
47.98	-1.88	-5.13	-32.14	8.90	lsce	model	precip
48.45	-1.88	-5.18	-32.46	8.97	lsce	model	precip
46.58	0.94	-5.12	-31.22	9.72	lsce	model	precip
47.05	1.41	-5.27	-32.59	9.54	lsce	model	precip
46.58	1.41	-5.47	-33.96	9.83	lsce	model	precip
47.52	0.47	-5.37	-33.49	9.44	lsce	model	precip
47.05	0.47	-5.24	-32.53	9.36	lsce	model	precip
45.18	6.09	-9.44	-65.19	10.30	lsce	model	precip
45.18	5.63	-7.76	-51.31	10.78	lsce	model	precip
45.64	5.63	-6.92	-45.21	10.17	lsce	model	precip
45.18	5.63	-7.76	-51.31	10.78	lsce	model	precip
45.64	4.69	-5.91	-38.11	9.19	lsce	model	precip
46.58	5.63	-6.39	-39.78	11.30	lsce	model	precip
43.77	-0.94	-4.89	-28.22	10.90	lsce	model	precip
43.77	-1.41	-4.82	-27.96	10.60	lsce	model	precip
43.77	-0.47	-4.64	-26.13	10.96	lsce	model	precip
47.52	1.41	-5.41	-33.68	9.61	lsce	model	precip
47.05	1.41	-5.27	-32.59	9.54	lsce	model	precip
47.52	1.41	-5.41	-33.68	9.61	lsce	model	precip
47.52	1.88	-5.38	-33.40	9.66	lsce	model	precip
47.52	1.88	-5.38	-33.40	9.66	lsce	model	precip
47.52	1.41	-5.41	-33.68	9.61	lsce	model	precip
45.18	4.22	-6.18	-39.20	10.28	lsce	model	precip
46.11	4.22	-5.99	-38.77	9.17	lsce	model	precip
44.71	4.22	-5.99	-37.86	10.06	lsce	model	precip
45.18	3.75	-6.80	-43.46	10.93	lsce	model	precip
44.71	3.75	-6.36	-39.87	11.03	lsce	model	precip
44.71	3.75	-6.36	-39.87	11.03	lsce	model	precip
47.05	-1.41	-4.86	-29.38	9.47	lsce	model	precip
47.05	-1.41	-4.86	-29.38	9.47	lsce	model	precip
47.05	-1.88	-4.80	-29.41	8.97	lsce	model	precip
47.52	-1.41	-4.98	-30.73	9.10	lsce	model	precip
47.52	-0.94	-5.01	-30.91	9.16	lsce	model	precip
47.05	-2.34	-4.60	-28.10	8.66	lsce	model	precip
47.05	-1.88	-4.80	-29.41	8.97	lsce	model	precip
47.98	1.88	-5.43	-33.55	9.86	lsce	model	precip
47.98	2.81	-5.51	-34.72	9.35	lsce	model	precip
47.98	2.34	-5.29	-32.69	9.67	lsce	model	precip
47.98	2.34	-5.29	-32.69	9.67	lsce	model	precip
44.71	1.88	-5.48	-32.86	10.96	lsce	model	precip
45.18	1.41	-5.05	-29.55	10.82	lsce	model	precip
44.71	0.00	-5.02	-29.93	10.26	lsce	model	precip
44.71	0.00	-5.02	-29.93	10.26	lsce	model	precip
44.24	0.47	-4.88	-28.78	10.27	lsce	model	precip
44.24	0.00	-4.87	-28.39	10.55	lsce	model	precip
44.71	3.28	-6.67	-41.34	12.02	lsce	model	precip
44.24	3.75	-5.89	-35.73	11.39	lsce	model	precip
47.52	-0.47	-5.13	-31.98	9.04	lsce	model	precip
47.52	-0.94	-5.01	-30.91	9.16	lsce	model	precip
49.86	-1.41	-5.21	-33.42	8.28	lsce	model	precip
49.86	-1.41	-5.21	-33.42	8.28	lsce	model	precip
48.45	-1.41	-5.26	-33.03	9.03	lsce	model	precip
49.39	-1.41	-5.32	-33.77	8.78	lsce	model	precip
49.39	-1.88	-4.95	-31.32	8.29	lsce	model	precip
49.86	-1.88	-5.10	-32.77	8.01	lsce	model	precip
48.92	-1.41	-5.31	-33.61	8.88	lsce	model	precip
49.39	-1.41	-5.32	-33.77	8.78	lsce	model	precip
49.39	-1.41	-5.32	-33.77	8.78	lsce	model	precip
49.86	-1.41	-5.21	-33.42	8.28	lsce	model	precip
48.92	4.22	-5.73	-36.27	9.59	lsce	model	precip
49.39	4.22	-5.75	-36.06	9.94	lsce	model	precip
48.92	3.75	-5.54	-34.79	9.57	lsce	model	precip
49.39	4.22	-5.75	-36.06	9.94	lsce	model	precip
48.92	4.69	-5.91	-37.74	9.52	lsce	model	precip
48.92	3.75	-5.54	-34.79	9.57	lsce	model	precip
47.98	5.16	-5.89	-36.94	10.17	lsce	model	precip
47.98	5.16	-5.89	-36.94	10.17	lsce	model	precip
47.98	5.63	-6.25	-39.65	10.38	lsce	model	precip
47.98	5.16	-5.89	-36.94	10.17	lsce	model	precip
48.45	-0.47	-5.51	-34.41	9.70	lsce	model	precip
47.98	-0.94	-5.04	-31.56	8.78	lsce	model	precip
47.98	-0.47	-5.09	-31.61	9.07	lsce	model	precip
47.98	-0.47	-5.09	-31.61	9.07	lsce	model	precip
47.98	-0.47	-5.09	-31.61	9.07	lsce	model	precip
48.45	-0.94	-5.36	-33.46	9.45	lsce	model	precip
47.98	-0.94	-5.04	-31.56	8.78	lsce	model	precip
48.45	6.09	-6.57	-42.26	10.31	lsce	model	precip
48.45	5.63	-6.32	-40.20	10.36	lsce	model	precip
48.92	5.63	-6.33	-40.77	9.85	lsce	model	precip
47.52	-2.81	-4.54	-27.58	8.73	lsce	model	precip
47.52	-3.28	-4.51	-27.53	8.51	lsce	model	precip
47.52	-2.81	-4.54	-27.58	8.73	lsce	model	precip
47.98	-3.28	-5.00	-31.10	8.88	lsce	model	precip
47.52	-2.81	-4.54	-27.58	8.73	lsce	model	precip
47.52	-2.81	-4.54	-27.58	8.73	lsce	model	precip
48.92	7.50	-6.69	-44.32	9.17	lsce	model	precip
48.92	7.03	-6.54	-42.79	9.54	lsce	model	precip
48.92	6.56	-6.56	-42.65	9.85	lsce	model	precip
47.05	3.28	-5.74	-35.68	10.22	lsce	model	precip
47.05	3.28	-5.74	-35.68	10.22	lsce	model	precip
47.52	2.81	-5.75	-36.35	9.62	lsce	model	precip
47.05	3.28	-5.74	-35.68	10.22	lsce	model	precip
47.05	4.22	-5.62	-34.50	10.45	lsce	model	precip
47.05	3.75	-5.61	-34.32	10.58	lsce	model	precip
50.79	2.81	-6.05	-39.37	9.05	lsce	model	precip
50.79	3.28	-5.97	-38.78	8.99	lsce	model	precip
50.33	3.28	-5.86	-37.74	9.18	lsce	model	precip
50.79	2.81	-6.05	-39.37	9.05	lsce	model	precip
50.33	3.75	-5.84	-37.55	9.20	lsce	model	precip
50.33	4.22	-5.96	-38.23	9.43	lsce	model	precip
50.33	3.75	-5.84	-37.55	9.20	lsce	model	precip
49.39	2.34	-5.79	-37.03	9.26	lsce	model	precip
49.39	2.81	-5.71	-36.34	9.32	lsce	model	precip
49.39	2.81	-5.71	-36.34	9.32	lsce	model	precip
50.79	1.41	-5.61	-36.73	8.13	lsce	model	precip
50.33	2.81	-5.92	-38.04	9.36	lsce	model	precip
50.79	2.34	-6.10	-39.90	8.93	lsce	model	precip
45.64	3.28	-6.60	-42.09	10.68	lsce	model	precip
45.64	2.81	-6.22	-38.77	10.98	lsce	model	precip
45.64	2.81	-6.22	-38.77	10.98	lsce	model	precip
46.11	3.75	-6.28	-40.76	9.50	lsce	model	precip
45.64	3.28	-6.60	-42.09	10.68	lsce	model	precip
45.64	3.28	-6.60	-42.09	10.68	lsce	model	precip
45.64	2.81	-6.22	-38.77	10.98	lsce	model	precip
45.64	2.81	-6.22	-38.77	10.98	lsce	model	precip
43.30	-0.47	-6.01	-36.15	11.93	lsce	model	precip
43.30	-1.41	-5.32	-30.57	12.02	lsce	model	precip
43.30	-0.47	-6.01	-36.15	11.93	lsce	model	precip
43.30	-0.94	-5.81	-34.23	12.25	lsce	model	precip
42.83	-0.47	-7.07	-44.45	12.09	lsce	model	precip
43.30	0.00	-6.12	-38.02	10.97	lsce	model	precip
42.83	0.00	-7.33	-46.98	11.65	lsce	model	precip
42.83	0.00	-7.33	-46.98	11.65	lsce	model	precip
42.83	0.00	-7.33	-46.98	11.65	lsce	model	precip
43.30	0.47	-6.21	-38.72	10.96	lsce	model	precip
42.83	0.47	-7.30	-46.29	12.08	lsce	model	precip
42.83	0.47	-7.30	-46.29	12.08	lsce	model	precip
43.30	0.00	-6.12	-38.02	10.97	lsce	model	precip
42.83	0.47	-7.30	-46.29	12.08	lsce	model	precip
42.83	0.47	-7.30	-46.29	12.08	lsce	model	precip
43.30	0.00	-6.12	-38.02	10.97	lsce	model	precip
42.83	2.81	-5.67	-35.33	10.04	lsce	model	precip
42.83	2.34	-6.45	-40.57	11.00	lsce	model	precip
42.83	2.34	-6.45	-40.57	11.00	lsce	model	precip
42.37	3.28	-5.26	-31.64	10.46	lsce	model	precip
42.37	3.28	-5.26	-31.64	10.46	lsce	model	precip
42.37	2.81	-5.68	-35.16	10.27	lsce	model	precip
48.45	7.50	-7.30	-48.76	9.66	lsce	model	precip
48.45	7.03	-6.94	-45.82	9.72	lsce	model	precip
48.45	7.50	-7.30	-48.76	9.66	lsce	model	precip
48.45	7.50	-7.30	-48.76	9.66	lsce	model	precip
48.92	7.50	-6.69	-44.32	9.17	lsce	model	precip
48.92	7.50	-6.69	-44.32	9.17	lsce	model	precip
48.45	7.50	-7.30	-48.76	9.66	lsce	model	precip
48.45	7.03	-6.94	-45.82	9.72	lsce	model	precip
48.92	7.50	-6.69	-44.32	9.17	lsce	model	precip
47.98	7.50	-7.44	-49.11	10.37	lsce	model	precip
47.52	7.50	-7.36	-49.00	9.84	lsce	model	precip
47.98	7.03	-7.22	-47.49	10.30	lsce	model	precip
47.52	7.50	-7.36	-49.00	9.84	lsce	model	precip
47.52	7.03	-7.15	-46.81	10.36	lsce	model	precip
45.64	4.69	-5.91	-38.11	9.19	lsce	model	precip
46.11	4.69	-5.71	-36.05	9.64	lsce	model	precip
45.64	4.69	-5.91	-38.11	9.19	lsce	model	precip
46.11	4.69	-5.71	-36.05	9.64	lsce	model	precip
47.52	5.63	-6.35	-40.46	10.33	lsce	model	precip
47.52	6.09	-6.69	-42.68	10.86	lsce	model	precip
46.11	4.69	-5.71	-36.05	9.64	lsce	model	precip
46.58	4.69	-6.00	-37.25	10.79	lsce	model	precip
47.05	4.22	-5.62	-34.50	10.45	lsce	model	precip
47.98	0.00	-5.15	-31.98	9.25	lsce	model	precip
48.45	0.00	-5.38	-33.37	9.65	lsce	model	precip
47.98	0.00	-5.15	-31.98	9.25	lsce	model	precip
47.98	0.47	-5.30	-33.04	9.40	lsce	model	precip
47.98	0.47	-5.30	-33.04	9.40	lsce	model	precip
47.98	0.47	-5.30	-33.04	9.40	lsce	model	precip
47.98	-0.47	-5.09	-31.61	9.07	lsce	model	precip
47.98	-0.47	-5.09	-31.61	9.07	lsce	model	precip
47.98	0.47	-5.30	-33.04	9.40	lsce	model	precip
47.98	0.47	-5.30	-33.04	9.40	lsce	model	precip
47.52	0.00	-5.26	-32.95	9.09	lsce	model	precip
48.45	0.47	-5.35	-33.43	9.36	lsce	model	precip
45.64	6.56	-9.78	-68.06	10.16	lsce	model	precip
45.18	6.56	-10.59	-73.82	10.93	lsce	model	precip
45.64	6.56	-9.78	-68.06	10.16	lsce	model	precip
45.64	5.63	-6.92	-45.21	10.17	lsce	model	precip
45.64	6.56	-9.78	-68.06	10.16	lsce	model	precip
45.64	7.03	-10.84	-75.94	10.76	lsce	model	precip
46.11	6.56	-9.28	-63.19	11.03	lsce	model	precip
45.64	6.09	-8.38	-56.53	10.55	lsce	model	precip
46.11	7.03	-10.47	-73.65	10.12	lsce	model	precip
46.11	7.03	-10.47	-73.65	10.12	lsce	model	precip
46.11	7.03	-10.47	-73.65	10.12	lsce	model	precip
46.11	7.03	-10.47	-73.65	10.12	lsce	model	precip
45.64	6.09	-8.38	-56.53	10.55	lsce	model	precip
46.11	6.56	-9.28	-63.19	11.03	lsce	model	precip
46.58	6.56	-8.46	-57.25	10.39	lsce	model	precip
49.39	0.94	-5.66	-36.00	9.29	lsce	model	precip
49.86	0.94	-5.76	-37.40	8.64	lsce	model	precip
49.86	0.47	-5.66	-36.39	8.87	lsce	model	precip
49.39	0.00	-5.75	-37.34	8.66	lsce	model	precip
49.86	0.47	-5.66	-36.39	8.87	lsce	model	precip
49.86	0.00	-5.43	-34.96	8.50	lsce	model	precip
48.45	2.81	-5.27	-32.62	9.57	lsce	model	precip
48.45	2.81	-5.27	-32.62	9.57	lsce	model	precip
48.45	2.81	-5.27	-32.62	9.57	lsce	model	precip
48.45	2.81	-5.27	-32.62	9.57	lsce	model	precip
48.45	2.81	-5.27	-32.62	9.57	lsce	model	precip
48.45	2.81	-5.27	-32.62	9.57	lsce	model	precip
48.92	1.88	-5.91	-37.73	9.53	lsce	model	precip
48.92	1.88	-5.91	-37.73	9.53	lsce	model	precip
48.92	1.41	-5.92	-37.91	9.48	lsce	model	precip
48.45	1.88	-5.77	-36.40	9.73	lsce	model	precip
48.92	1.88	-5.91	-37.73	9.53	lsce	model	precip
48.45	1.88	-5.77	-36.40	9.73	lsce	model	precip
47.05	0.00	-5.11	-31.49	9.38	lsce	model	precip
47.05	-0.47	-5.08	-31.07	9.56	lsce	model	precip
46.58	-0.47	-4.83	-28.75	9.89	lsce	model	precip
46.11	-0.47	-4.77	-28.15	10.03	lsce	model	precip
49.86	2.34	-5.69	-36.16	9.38	lsce	model	precip
50.33	1.41	-5.92	-38.08	9.27	lsce	model	precip
49.86	1.88	-5.66	-35.81	9.46	lsce	model	precip
43.77	2.34	-5.56	-32.84	11.60	lsce	model	precip
44.24	1.88	-5.44	-32.54	10.94	lsce	model	precip
43.77	2.34	-5.56	-32.84	11.60	lsce	model	precip
44.24	1.41	-5.01	-29.42	10.69	lsce	model	precip
43.77	1.41	-4.95	-29.72	9.85	lsce	model	precip
43.30	5.63	-5.44	-33.59	9.95	lsce	model	precip
43.30	6.09	-5.65	-34.63	10.58	lsce	model	precip
43.30	6.09	-5.65	-34.63	10.58	lsce	model	precip
43.30	6.09	-5.65	-34.63	10.58	lsce	model	precip
43.30	6.56	-5.67	-35.57	9.79	lsce	model	precip
43.30	6.56	-5.67	-35.57	9.79	lsce	model	precip
43.77	6.09	-6.86	-43.74	11.11	lsce	model	precip
43.77	4.69	-5.39	-34.47	8.65	lsce	model	precip
44.24	5.16	-6.22	-40.28	9.49	lsce	model	precip
43.77	5.63	-6.38	-40.48	10.53	lsce	model	precip
43.77	5.63	-6.38	-40.48	10.53	lsce	model	precip
44.24	4.69	-5.60	-34.84	9.99	lsce	model	precip
46.58	-1.88	-4.61	-28.01	8.88	lsce	model	precip
46.58	-0.94	-4.77	-28.44	9.75	lsce	model	precip
47.05	-2.34	-4.60	-28.10	8.66	lsce	model	precip
46.58	-1.88	-4.61	-28.01	8.88	lsce	model	precip
46.58	0.47	-4.97	-29.89	9.83	lsce	model	precip
46.58	0.00	-4.89	-29.39	9.74	lsce	model	precip
46.58	0.47	-4.97	-29.89	9.83	lsce	model	precip
47.05	0.47	-5.24	-32.53	9.36	lsce	model	precip
45.64	1.41	-5.59	-33.31	11.42	lsce	model	precip
46.11	0.94	-5.22	-31.55	10.25	lsce	model	precip
46.11	1.41	-5.71	-35.11	10.56	lsce	model	precip
45.64	1.41	-5.59	-33.31	11.42	lsce	model	precip
47.98	6.56	-6.99	-45.41	10.49	lsce	model	precip
48.45	5.63	-6.32	-40.20	10.36	lsce	model	precip
47.98	7.03	-7.22	-47.49	10.30	lsce	model	precip
47.98	6.56	-6.99	-45.41	10.49	lsce	model	precip
47.98	6.09	-6.71	-43.16	10.53	lsce	model	precip
47.98	3.28	-5.76	-36.51	9.53	lsce	model	precip
47.52	3.75	-5.92	-36.83	10.54	lsce	model	precip
47.98	3.75	-5.96	-37.61	10.04	lsce	model	precip
48.45	1.88	-5.77	-36.40	9.73	lsce	model	precip
48.92	2.34	-5.77	-36.58	9.57	lsce	model	precip
48.92	2.34	-5.77	-36.58	9.57	lsce	model	precip
48.92	2.34	-5.77	-36.58	9.57	lsce	model	precip
45.64	5.16	-5.96	-39.26	8.41	lsce	model	ground
46.11	5.16	-5.40	-33.25	9.94	lsce	model	ground
46.11	5.63	-6.01	-37.89	10.18	lsce	model	ground
49.39	3.28	-5.79	-38.05	8.26	lsce	model	ground
46.58	3.75	-5.39	-34.53	8.61	lsce	model	ground
43.77	5.63	-6.10	-39.41	9.42	lsce	model	ground
44.24	5.63	-6.76	-45.41	8.65	lsce	model	ground
44.24	6.09	-7.75	-54.37	7.66	lsce	model	ground
43.77	5.63	-6.10	-39.41	9.42	lsce	model	ground
43.77	7.03	-6.82	-43.95	10.61	lsce	model	ground
44.24	6.56	-8.58	-59.97	8.69	lsce	model	ground
44.71	6.56	-10.08	-71.10	9.57	lsce	model	ground
44.71	6.56	-10.08	-71.10	9.57	lsce	model	ground
43.77	7.03	-6.82	-43.95	10.61	lsce	model	ground
44.24	7.50	-8.13	-55.65	9.38	lsce	model	ground
44.71	4.22	-5.22	-34.67	7.09	lsce	model	ground
44.24	4.22	-5.35	-32.92	9.89	lsce	model	ground
44.71	4.22	-5.22	-34.67	7.09	lsce	model	ground
49.39	5.16	-5.79	-37.64	8.66	lsce	model	ground
42.83	0.94	-6.87	-45.59	9.40	lsce	model	ground
47.98	4.69	-5.90	-38.52	8.67	lsce	model	ground
48.45	4.22	-5.54	-35.75	8.58	lsce	model	ground
48.45	4.22	-5.54	-35.75	8.58	lsce	model	ground
43.30	2.34	-5.17	-33.26	8.08	lsce	model	ground
43.30	3.28	-4.46	-27.69	8.02	lsce	model	ground
42.83	2.81	-5.42	-34.44	8.92	lsce	model	ground
43.30	5.63	-5.04	-32.05	8.28	lsce	model	ground
43.30	5.63	-5.04	-32.05	8.28	lsce	model	ground
43.30	5.63	-5.04	-32.05	8.28	lsce	model	ground
43.77	4.69	-5.20	-33.86	7.77	lsce	model	ground
49.39	-0.47	nan	nan	nan	lsce	model	ground
48.92	0.00	-5.32	-34.77	7.83	lsce	model	ground
49.39	0.00	-5.60	-37.56	7.26	lsce	model	ground
48.92	-0.94	-5.38	-34.91	8.10	lsce	model	ground
48.92	0.00	-5.32	-34.77	7.83	lsce	model	ground
49.39	-0.94	nan	nan	nan	lsce	model	ground
49.39	-0.47	nan	nan	nan	lsce	model	ground
44.71	2.81	-5.71	-37.23	8.42	lsce	model	ground
44.71	2.81	-5.71	-37.23	8.42	lsce	model	ground
45.64	0.00	-4.57	-27.43	9.14	lsce	model	ground
45.64	-0.47	-4.62	-27.83	9.16	lsce	model	ground
45.64	-0.47	-4.62	-27.83	9.16	lsce	model	ground
46.11	0.00	-4.69	-28.76	8.79	lsce	model	ground
45.64	0.47	-4.57	-27.52	9.04	lsce	model	ground
45.64	0.47	-4.57	-27.52	9.04	lsce	model	ground
45.64	-0.47	-4.62	-27.83	9.16	lsce	model	ground
46.11	-1.41	nan	nan	nan	lsce	model	ground
45.64	-0.94	-4.83	-29.82	8.83	lsce	model	ground
46.11	-0.94	-4.52	-27.90	8.24	lsce	model	ground
45.64	-0.94	-4.83	-29.82	8.83	lsce	model	ground
45.64	-1.41	nan	nan	nan	lsce	model	ground
46.11	-0.94	-4.52	-27.90	8.24	lsce	model	ground
45.64	-0.47	-4.62	-27.83	9.16	lsce	model	ground
46.58	2.34	-5.89	-38.53	8.58	lsce	model	ground
45.64	2.34	-5.33	-33.30	9.37	lsce	model	ground
45.18	1.41	-4.82	-28.92	9.64	lsce	model	ground
41.43	8.91	nan	nan	nan	lsce	model	ground
41.90	8.91	-4.99	-32.08	7.84	lsce	model	ground
41.90	9.38	-4.52	-28.82	7.33	lsce	model	ground
42.83	9.38	nan	nan	nan	lsce	model	ground
42.83	9.38	nan	nan	nan	lsce	model	ground
42.83	9.38	nan	nan	nan	lsce	model	ground
42.83	8.91	nan	nan	nan	lsce	model	ground
42.37	8.91	-5.18	-33.64	7.78	lsce	model	ground
47.52	5.16	-6.08	-40.19	8.47	lsce	model	ground
47.05	5.16	-5.90	-38.20	9.02	lsce	model	ground
47.05	4.69	-6.01	-39.29	8.76	lsce	model	ground
47.05	4.69	-6.01	-39.29	8.76	lsce	model	ground
48.45	-2.81	-5.02	-32.83	7.32	lsce	model	ground
48.45	-2.81	-5.02	-32.83	7.32	lsce	model	ground
48.92	-3.28	nan	nan	nan	lsce	model	ground
48.45	-2.34	-4.96	-32.29	7.38	lsce	model	ground
48.45	-2.34	-4.96	-32.29	7.38	lsce	model	ground
48.45	-3.28	-4.95	-32.32	7.27	lsce	model	ground
46.11	1.88	-5.49	-34.94	8.95	lsce	model	ground
44.71	0.94	-4.98	-30.70	9.14	lsce	model	ground
44.71	0.94	-4.98	-30.70	9.14	lsce	model	ground
45.18	1.41	-4.82	-28.92	9.64	lsce	model	ground
45.64	0.94	-4.74	-28.55	9.40	lsce	model	ground
44.71	0.94	-4.98	-30.70	9.14	lsce	model	ground
45.18	0.94	-4.55	-27.36	9.00	lsce	model	ground
45.18	0.94	-4.55	-27.36	9.00	lsce	model	ground
44.71	0.94	-4.98	-30.70	9.14	lsce	model	ground
45.18	0.94	-4.55	-27.36	9.00	lsce	model	ground
45.18	0.94	-4.55	-27.36	9.00	lsce	model	ground
47.05	6.09	-6.37	-41.23	9.72	lsce	model	ground
46.58	6.09	-6.75	-43.87	10.14	lsce	model	ground
47.52	7.03	-7.10	-47.57	9.25	lsce	model	ground
47.05	6.56	-7.06	-47.05	9.44	lsce	model	ground
46.58	6.56	-8.30	-56.76	9.61	lsce	model	ground
44.71	5.16	-6.27	-41.75	8.44	lsce	model	ground
44.24	4.69	-5.26	-33.48	8.59	lsce	model	ground
44.71	4.69	-5.51	-36.26	7.79	lsce	model	ground
49.39	1.88	-5.73	-38.14	7.73	lsce	model	ground
48.92	0.94	-5.46	-36.26	7.43	lsce	model	ground
49.39	1.41	-5.67	-37.57	7.78	lsce	model	ground
49.39	0.47	-5.53	-36.64	7.59	lsce	model	ground
48.45	1.41	-5.55	-36.77	7.64	lsce	model	ground
48.45	0.94	-5.24	-34.65	7.26	lsce	model	ground
48.45	1.41	-5.55	-36.77	7.64	lsce	model	ground
48.45	1.88	-5.67	-37.36	8.03	lsce	model	ground
48.92	1.41	-5.86	-39.20	7.65	lsce	model	ground
47.98	-4.22	-4.42	-28.38	6.96	lsce	model	ground
48.45	-4.69	-4.53	-29.37	6.89	lsce	model	ground
47.98	-4.69	nan	nan	nan	lsce	model	ground
48.45	-4.22	-4.57	-29.36	7.21	lsce	model	ground
48.45	-4.69	-4.53	-29.37	6.89	lsce	model	ground
47.98	-3.75	-4.51	-28.89	7.20	lsce	model	ground
47.98	-4.22	-4.42	-28.38	6.96	lsce	model	ground
43.77	4.22	-4.76	-29.32	8.75	lsce	model	ground
44.24	4.22	-5.35	-32.92	9.89	lsce	model	ground
43.77	3.75	-5.05	-30.40	9.98	lsce	model	ground
44.24	4.69	-5.26	-33.48	8.59	lsce	model	ground
44.24	4.69	-5.26	-33.48	8.59	lsce	model	ground
43.77	4.22	-4.76	-29.32	8.75	lsce	model	ground
44.24	4.22	-5.35	-32.92	9.89	lsce	model	ground
44.24	4.22	-5.35	-32.92	9.89	lsce	model	ground
43.77	1.41	-4.97	-30.70	9.09	lsce	model	ground
43.77	1.41	-4.97	-30.70	9.09	lsce	model	ground
43.30	0.47	-6.16	-38.97	10.31	lsce	model	ground
43.30	1.88	-6.03	-39.42	8.85	lsce	model	ground
43.77	1.41	-4.97	-30.70	9.09	lsce	model	ground
43.30	1.41	-6.41	-41.93	9.34	lsce	model	ground
43.30	1.41	-6.41	-41.93	9.34	lsce	model	ground
43.77	0.47	-4.57	-27.19	9.35	lsce	model	ground
43.30	0.00	-5.98	-37.59	10.25	lsce	model	ground
44.71	0.00	-4.90	-29.71	9.46	lsce	model	ground
44.71	-0.47	-4.79	-28.85	9.47	lsce	model	ground
45.18	-0.94	-4.62	-28.29	8.66	lsce	model	ground
44.71	-0.47	-4.79	-28.85	9.47	lsce	model	ground
44.71	-0.94	-4.80	-29.35	9.07	lsce	model	ground
44.24	0.00	-4.77	-28.27	9.89	lsce	model	ground
45.18	-0.47	-4.41	-26.30	8.94	lsce	model	ground
43.77	3.75	-5.05	-30.40	9.98	lsce	model	ground
43.30	3.28	-4.46	-27.69	8.02	lsce	model	ground
43.77	3.28	-4.62	-26.82	10.16	lsce	model	ground
43.77	3.28	-4.62	-26.82	10.16	lsce	model	ground
48.45	-1.41	-5.06	-33.00	7.46	lsce	model	ground
48.45	-1.88	-4.96	-32.27	7.43	lsce	model	ground
47.98	-0.94	-4.83	-31.51	7.10	lsce	model	ground
47.98	-1.88	-4.87	-31.93	7.03	lsce	model	ground
48.45	-1.88	-4.96	-32.27	7.43	lsce	model	ground
46.58	0.94	-4.89	-30.87	8.22	lsce	model	ground
47.05	1.41	-5.08	-32.15	8.46	lsce	model	ground
46.58	1.41	-5.28	-33.79	8.45	lsce	model	ground
47.52	0.47	-5.06	-32.48	7.98	lsce	model	ground
47.05	0.47	-4.93	-31.54	7.94	lsce	model	ground
45.18	6.09	-8.66	-60.39	8.88	lsce	model	ground
45.18	5.63	-7.69	-51.40	10.16	lsce	model	ground
45.64	5.63	-7.01	-46.48	9.64	lsce	model	ground
45.18	5.63	-7.69	-51.40	10.16	lsce	model	ground
45.64	4.69	-5.85	-38.93	7.88	lsce	model	ground
46.58	5.63	-5.90	-36.82	10.37	lsce	model	ground
43.77	-0.94	-4.64	-27.86	9.25	lsce	model	ground
43.77	-1.41	nan	nan	nan	lsce	model	ground
43.77	-0.47	-4.50	-26.20	9.79	lsce	model	ground
47.52	1.41	-5.21	-33.34	8.38	lsce	model	ground
47.05	1.41	-5.08	-32.15	8.46	lsce	model	ground
47.52	1.41	-5.21	-33.34	8.38	lsce	model	ground
47.52	1.88	-5.22	-33.24	8.51	lsce	model	ground
47.52	1.88	-5.22	-33.24	8.51	lsce	model	ground
47.52	1.41	-5.21	-33.34	8.38	lsce	model	ground
45.18	4.22	-5.72	-37.68	8.07	lsce	model	ground
46.11	4.22	-6.09	-40.32	8.40	lsce	model	ground
44.71	4.22	-5.22	-34.67	7.09	lsce	model	ground
45.18	3.75	-6.43	-42.91	8.54	lsce	model	ground
44.71	3.75	-5.58	-36.38	8.25	lsce	model	ground
44.71	3.75	-5.58	-36.38	8.25	lsce	model	ground
47.05	-1.41	-4.73	-29.77	8.10	lsce	model	ground
47.05	-1.41	-4.73	-29.77	8.10	lsce	model	ground
47.05	-1.88	-4.62	-29.38	7.58	lsce	model	ground
47.52	-1.41	-4.80	-30.78	7.64	lsce	model	ground
47.52	-0.94	-4.83	-30.95	7.65	lsce	model	ground
47.05	-2.34	nan	nan	nan	lsce	model	ground
47.05	-1.88	-4.62	-29.38	7.58	lsce	model	ground
47.98	1.88	-5.30	-34.25	8.15	lsce	model	ground
47.98	2.81	-5.46	-35.48	8.24	lsce	model	ground
47.98	2.34	-5.10	-32.75	8.04	lsce	model	ground
47.98	2.34	-5.10	-32.75	8.04	lsce	model	ground
44.71	1.88	-4.98	-30.20	9.61	lsce	model	ground
45.18	1.41	-4.82	-28.92	9.64	lsce	model	ground
44.71	0.00	-4.90	-29.71	9.46	lsce	model	ground
44.71	0.00	-4.90	-29.71	9.46	lsce	model	ground
44.24	0.47	-4.78	-28.56	9.64	lsce	model	ground
44.24	0.00	-4.77	-28.27	9.89	lsce	model	ground
44.71	3.28	-5.84	-37.76	8.99	lsce	model	ground
44.24	3.75	-5.17	-32.89	8.51	lsce	model	ground
47.52	-0.47	-4.83	-31.16	7.47	lsce	model	ground
47.52	-0.94	-4.83	-30.95	7.65	lsce	model	ground
49.86	-1.41	nan	nan	nan	lsce	model	ground
49.86	-1.41	nan	nan	nan	lsce	model	ground
48.45	-1.41	-5.06	-33.00	7.46	lsce	model	ground
49.39	-1.41	-5.32	-34.72	7.84	lsce	model	ground
49.39	-1.88	nan	nan	nan	lsce	model	ground
49.86	-1.88	nan	nan	nan	lsce	model	ground
48.92	-1.41	-5.25	-34.25	7.73	lsce	model	ground
49.39	-1.41	-5.32	-34.72	7.84	lsce	model	ground
49.39	-1.41	-5.32	-34.72	7.84	lsce	model	ground
49.86	-1.41	nan	nan	nan	lsce	model	ground
48.92	4.22	-5.39	-34.70	8.40	lsce	model	ground
49.39	4.22	-5.31	-33.83	8.68	lsce	model	ground
48.92	3.75	-5.26	-33.89	8.17	lsce	model	ground
49.39	4.22	-5.31	-33.83	8.68	lsce	model	ground
48.92	4.69	-5.64	-36.86	8.24	lsce	model	ground
48.92	3.75	-5.26	-33.89	8.17	lsce	model	ground
47.98	5.16	-5.94	-38.69	8.86	lsce	model	ground
47.98	5.16	-5.94	-38.69	8.86	lsce	model	ground
47.98	5.63	-6.12	-39.78	9.16	lsce	model	ground
47.98	5.16	-5.94	-38.69	8.86	lsce	model	ground
48.45	-0.47	-5.09	-32.93	7.83	lsce	model	ground
47.98	-0.94	-4.83	-31.51	7.10	lsce	model	ground
47.98	-0.47	-4.77	-30.91	7.29	lsce	model	ground
47.98	-0.47	-4.77	-30.91	7.29	lsce	model	ground
47.98	-0.47	-4.77	-30.91	7.29	lsce	model	ground
48.45	-0.94	-4.99	-32.15	7.74	lsce	model	ground
47.98	-0.94	-4.83	-31.51	7.10	lsce	model	ground
48.45	6.09	-6.28	-41.04	9.17	lsce	model	ground
48.45	5.63	-6.26	-41.04	9.02	lsce	model	ground
48.92	5.63	-6.34	-42.17	8.55	lsce	model	ground
47.52	-2.81	nan	nan	nan	lsce	model	ground
47.52	-3.28	nan	nan	nan	lsce	model	ground
47.52	-2.81	nan	nan	nan	lsce	model	ground
47.98	-3.28	-4.69	-30.33	7.15	lsce	model	ground
47.52	-2.81	nan	nan	nan	lsce	model	ground
47.52	-2.81	nan	nan	nan	lsce	model	ground
48.92	7.50	-6.70	-45.51	8.09	lsce	model	ground
48.92	7.03	-6.36	-42.15	8.72	lsce	model	ground
48.92	6.56	-6.50	-43.28	8.74	lsce	model	ground
47.05	3.28	-5.39	-34.17	8.99	lsce	model	ground
47.05	3.28	-5.39	-34.17	8.99	lsce	model	ground
47.52	2.81	-5.66	-36.72	8.56	lsce	model	ground
47.05	3.28	-5.39	-34.17	8.99	lsce	model	ground
47.05	4.22	-5.37	-33.76	9.24	lsce	model	ground
47.05	3.75	-5.16	-31.95	9.31	lsce	model	ground
50.79	2.81	-6.07	-40.91	7.67	lsce	model	ground
50.79	3.28	-6.01	-40.39	7.67	lsce	model	ground
50.33	3.28	-5.83	-38.94	7.73	lsce	model	ground
50.79	2.81	-6.07	-40.91	7.67	lsce	model	ground
50.33	3.75	-5.85	-38.85	7.96	lsce	model	ground
50.33	4.22	-5.81	-38.24	8.22	lsce	model	ground
50.33	3.75	-5.85	-38.85	7.96	lsce	model	ground
49.39	2.34	-5.76	-38.44	7.66	lsce	model	ground
49.39	2.81	-5.73	-38.06	7.79	lsce	model	ground
49.39	2.81	-5.73	-38.06	7.79	lsce	model	ground
50.79	1.41	nan	nan	nan	lsce	model	ground
50.33	2.81	-5.85	-39.07	7.76	lsce	model	ground
50.79	2.34	-5.89	-39.83	7.32	lsce	model	ground
45.64	3.28	-6.38	-41.91	9.11	lsce	model	ground
45.64	2.81	-5.78	-36.94	9.28	lsce	model	ground
45.64	2.81	-5.78	-36.94	9.28	lsce	model	ground
46.11	3.75	-6.21	-41.23	8.46	lsce	model	ground
45.64	3.28	-6.38	-41.91	9.11	lsce	model	ground
45.64	3.28	-6.38	-41.91	9.11	lsce	model	ground
45.64	2.81	-5.78	-36.94	9.28	lsce	model	ground
45.64	2.81	-5.78	-36.94	9.28	lsce	model	ground
43.30	-0.47	-5.80	-35.41	10.99	lsce	model	ground
43.30	-1.41	-5.23	-31.05	10.77	lsce	model	ground
43.30	-0.47	-5.80	-35.41	10.99	lsce	model	ground
43.30	-0.94	-5.69	-34.03	11.47	lsce	model	ground
42.83	-0.47	-6.40	-41.35	9.82	lsce	model	ground
43.30	0.00	-5.98	-37.59	10.25	lsce	model	ground
42.83	0.00	-6.87	-44.99	9.97	lsce	model	ground
42.83	0.00	-6.87	-44.99	9.97	lsce	model	ground
42.83	0.00	-6.87	-44.99	9.97	lsce	model	ground
43.30	0.47	-6.16	-38.97	10.31	lsce	model	ground
42.83	0.47	-6.79	-44.27	10.02	lsce	model	ground
42.83	0.47	-6.79	-44.27	10.02	lsce	model	ground
43.30	0.00	-5.98	-37.59	10.25	lsce	model	ground
42.83	0.47	-6.79	-44.27	10.02	lsce	model	ground
42.83	0.47	-6.79	-44.27	10.02	lsce	model	ground
43.30	0.00	-5.98	-37.59	10.25	lsce	model	ground
42.83	2.81	-5.42	-34.44	8.92	lsce	model	ground
42.83	2.34	-5.57	-35.75	8.81	lsce	model	ground
42.83	2.34	-5.57	-35.75	8.81	lsce	model	ground
42.37	3.28	nan	nan	nan	lsce	model	ground
42.37	3.28	nan	nan	nan	lsce	model	ground
42.37	2.81	-5.63	-35.26	9.79	lsce	model	ground
48.45	7.50	-7.13	-48.43	8.58	lsce	model	ground
48.45	7.03	-6.70	-45.13	8.50	lsce	model	ground
48.45	7.50	-7.13	-48.43	8.58	lsce	model	ground
48.45	7.50	-7.13	-48.43	8.58	lsce	model	ground
48.92	7.50	-6.70	-45.51	8.09	lsce	model	ground
48.92	7.50	-6.70	-45.51	8.09	lsce	model	ground
48.45	7.50	-7.13	-48.43	8.58	lsce	model	ground
48.45	7.03	-6.70	-45.13	8.50	lsce	model	ground
48.92	7.50	-6.70	-45.51	8.09	lsce	model	ground
47.98	7.50	-7.34	-49.38	9.37	lsce	model	ground
47.52	7.50	-7.38	-50.29	8.77	lsce	model	ground
47.98	7.03	-6.89	-46.30	8.85	lsce	model	ground
47.52	7.50	-7.38	-50.29	8.77	lsce	model	ground
47.52	7.03	-7.10	-47.57	9.25	lsce	model	ground
45.64	4.69	-5.85	-38.93	7.88	lsce	model	ground
46.11	4.69	-5.52	-35.33	8.80	lsce	model	ground
45.64	4.69	-5.85	-38.93	7.88	lsce	model	ground
46.11	4.69	-5.52	-35.33	8.80	lsce	model	ground
47.52	5.63	-6.20	-40.58	9.05	lsce	model	ground
47.52	6.09	-6.11	-39.39	9.47	lsce	model	ground
46.11	4.69	-5.52	-35.33	8.80	lsce	model	ground
46.58	4.69	-5.42	-33.69	9.68	lsce	model	ground
47.05	4.22	-5.37	-33.76	9.24	lsce	model	ground
47.98	0.00	-4.71	-30.30	7.41	lsce	model	ground
48.45	0.00	-4.93	-31.93	7.50	lsce	model	ground
47.98	0.00	-4.71	-30.30	7.41	lsce	model	ground
47.98	0.47	-4.91	-31.66	7.66	lsce	model	ground
47.98	0.47	-4.91	-31.66	7.66	lsce	model	ground
47.98	0.47	-4.91	-31.66	7.66	lsce	model	ground
47.98	-0.47	-4.77	-30.91	7.29	lsce	model	ground
47.98	-0.47	-4.77	-30.91	7.29	lsce	model	ground
47.98	0.47	-4.91	-31.66	7.66	lsce	model	ground
47.98	0.47	-4.91	-31.66	7.66	lsce	model	ground
47.52	0.00	-4.96	-32.04	7.66	lsce	model	ground
48.45	0.47	-4.87	-31.73	7.27	lsce	model	ground
45.64	6.56	-8.64	-61.00	8.12	lsce	model	ground
45.18	6.56	-8.89	-62.54	8.62	lsce	model	ground
45.64	6.56	-8.64	-61.00	8.12	lsce	model	ground
45.64	5.63	-7.01	-46.48	9.64	lsce	model	ground
45.64	6.56	-8.64	-61.00	8.12	lsce	model	ground
45.64	7.03	-9.39	-66.29	8.84	lsce	model	ground
46.11	6.56	-8.77	-60.37	9.77	lsce	model	ground
45.64	6.09	-8.20	-56.01	9.60	lsce	model	ground
46.11	7.03	-9.21	-65.34	8.37	lsce	model	ground
46.11	7.03	-9.21	-65.34	8.37	lsce	model	ground
46.11	7.03	-9.21	-65.34	8.37	lsce	model	ground
46.11	7.03	-9.21	-65.34	8.37	lsce	model	ground
45.64	6.09	-8.20	-56.01	9.60	lsce	model	ground
46.11	6.56	-8.77	-60.37	9.77	lsce	model	ground
46.58	6.56	-8.30	-56.76	9.61	lsce	model	ground
49.39	0.94	-5.61	-37.08	7.78	lsce	model	ground
49.86	0.94	-5.70	-38.24	7.37	lsce	model	ground
49.86	0.47	nan	nan	nan	lsce	model	ground
49.39	0.00	-5.60	-37.56	7.26	lsce	model	ground
49.86	0.47	nan	nan	nan	lsce	model	ground
49.86	0.00	nan	nan	nan	lsce	model	ground
48.45	2.81	-5.28	-34.14	8.12	lsce	model	ground
48.45	2.81	-5.28	-34.14	8.12	lsce	model	ground
48.45	2.81	-5.28	-34.14	8.12	lsce	model	ground
48.45	2.81	-5.28	-34.14	8.12	lsce	model	ground
48.45	2.81	-5.28	-34.14	8.12	lsce	model	ground
48.45	2.81	-5.28	-34.14	8.12	lsce	model	ground
48.92	1.88	-5.79	-38.60	7.69	lsce	model	ground
48.92	1.88	-5.79	-38.60	7.69	lsce	model	ground
48.92	1.41	-5.86	-39.20	7.65	lsce	model	ground
48.45	1.88	-5.67	-37.36	8.03	lsce	model	ground
48.92	1.88	-5.79	-38.60	7.69	lsce	model	ground
48.45	1.88	-5.67	-37.36	8.03	lsce	model	ground
47.05	0.00	-4.74	-30.33	7.62	lsce	model	ground
47.05	-0.47	-4.76	-30.24	7.84	lsce	model	ground
46.58	-0.47	-4.59	-28.44	8.24	lsce	model	ground
46.11	-0.47	-4.73	-29.15	8.70	lsce	model	ground
49.86	2.34	-5.59	-37.04	7.66	lsce	model	ground
50.33	1.41	nan	nan	nan	lsce	model	ground
49.86	1.88	-5.49	-36.13	7.77	lsce	model	ground
43.77	2.34	-5.05	-31.44	8.97	lsce	model	ground
44.24	1.88	-5.13	-31.32	9.68	lsce	model	ground
43.77	2.34	-5.05	-31.44	8.97	lsce	model	ground
44.24	1.41	-4.81	-28.79	9.70	lsce	model	ground
43.77	1.41	-4.97	-30.70	9.09	lsce	model	ground
43.30	5.63	-5.04	-32.05	8.28	lsce	model	ground
43.30	6.09	-5.37	-33.76	9.20	lsce	model	ground
43.30	6.09	-5.37	-33.76	9.20	lsce	model	ground
43.30	6.09	-5.37	-33.76	9.20	lsce	model	ground
43.30	6.56	-5.52	-35.43	8.71	lsce	model	ground
43.30	6.56	-5.52	-35.43	8.71	lsce	model	ground
43.77	6.09	-6.43	-41.55	9.88	lsce	model	ground
43.77	4.69	-5.20	-33.86	7.77	lsce	model	ground
44.24	5.16	-5.86	-38.81	8.04	lsce	model	ground
43.77	5.63	-6.10	-39.41	9.42	lsce	model	ground
43.77	5.63	-6.10	-39.41	9.42	lsce	model	ground
44.24	4.69	-5.26	-33.48	8.59	lsce	model	ground
46.58	-1.88	nan	nan	nan	lsce	model	ground
46.58	-0.94	-4.61	-28.72	8.16	lsce	model	ground
47.05	-2.34	nan	nan	nan	lsce	model	ground
46.58	-1.88	nan	nan	nan	lsce	model	ground
46.58	0.47	-4.57	-28.52	8.07	lsce	model	ground
46.58	0.00	-4.53	-28.18	8.03	lsce	model	ground
46.58	0.47	-4.57	-28.52	8.07	lsce	model	ground
47.05	0.47	-4.93	-31.54	7.94	lsce	model	ground
45.64	1.41	-4.92	-29.56	9.82	lsce	model	ground
46.11	0.94	-4.98	-30.83	8.99	lsce	model	ground
46.11	1.41	-5.37	-33.76	9.21	lsce	model	ground
45.64	1.41	-4.92	-29.56	9.82	lsce	model	ground
47.98	6.56	-6.18	-40.50	8.94	lsce	model	ground
48.45	5.63	-6.26	-41.04	9.02	lsce	model	ground
47.98	7.03	-6.89	-46.30	8.85	lsce	model	ground
47.98	6.56	-6.18	-40.50	8.94	lsce	model	ground
47.98	6.09	-6.12	-39.81	9.15	lsce	model	ground
47.98	3.28	-5.52	-35.80	8.38	lsce	model	ground
47.52	3.75	-5.57	-35.78	8.78	lsce	model	ground
47.98	3.75	-5.67	-36.81	8.54	lsce	model	ground
48.45	1.88	-5.67	-37.36	8.03	lsce	model	ground
48.92	2.34	-5.77	-38.05	8.13	lsce	model	ground
48.92	2.34	-5.77	-38.05	8.13	lsce	model	ground
48.92	2.34	-5.77	-38.05	8.13	lsce	model	ground
42.37	1.88	-7.42	-48.18	11.17	other	model	precip
50.79	3.28	-5.97	-38.78	8.99	other	model	precip
50.79	5.63	-6.47	-42.35	9.38	other	model	precip
50.79	3.28	-5.97	-38.78	8.99	other	model	precip
47.52	7.50	-7.36	-49.00	9.84	other	model	precip
48.45	7.97	-7.49	-49.81	10.09	other	model	precip
47.98	7.50	-7.44	-49.11	10.37	other	model	precip
48.45	7.97	-7.49	-49.81	10.09	other	model	precip
51.73	0.00	-6.29	-41.84	8.51	other	model	precip
49.39	6.09	-6.61	-42.62	10.26	other	model	precip
50.79	4.22	-5.88	-37.96	9.11	other	model	precip
46.11	8.91	-8.23	-55.34	10.48	other	model	precip
46.58	8.44	-10.31	-72.11	10.37	other	model	precip
46.58	8.44	-10.31	-72.11	10.37	other	model	precip
47.05	7.50	-8.54	-59.02	9.32	other	model	precip
47.52	11.25	-9.96	-70.16	9.54	other	model	precip
47.52	7.50	-7.36	-49.00	9.84	other	model	precip
47.52	9.38	-8.66	-59.85	9.42	other	model	precip
47.52	7.97	-7.57	-50.94	9.58	other	model	precip
47.52	7.97	-7.57	-50.94	9.58	other	model	precip
47.98	11.25	-8.79	-60.90	9.39	other	model	precip
48.92	9.38	-7.52	-50.21	9.93	other	model	precip
48.92	8.44	-7.16	-47.91	9.36	other	model	precip
49.39	8.91	-6.81	-45.49	8.95	other	model	precip
49.86	6.56	-6.98	-45.47	10.35	other	model	precip
49.86	8.44	-7.06	-47.19	9.30	other	model	precip
50.33	7.03	-6.88	-45.19	9.85	other	model	precip
50.33	7.50	-7.11	-47.35	9.53	other	model	precip
50.33	7.50	-7.11	-47.35	9.53	other	model	precip
50.33	9.84	-7.43	-49.39	10.04	other	model	precip
51.26	8.44	-7.27	-48.07	10.12	other	model	precip
51.73	6.56	-6.30	-41.62	8.78	other	model	precip
50.79	1.88	-6.03	-39.48	8.79	other	model	precip
49.86	-5.63	-4.75	-30.36	7.65	other	model	precip
50.33	-5.16	-5.19	-33.56	7.93	other	model	precip
50.33	-5.63	-4.79	-30.75	7.58	other	model	precip
50.33	-5.16	-5.19	-33.56	7.93	other	model	precip
50.33	-5.63	-4.79	-30.75	7.58	other	model	precip
50.33	-5.63	-4.79	-30.75	7.58	other	model	precip
50.33	-5.16	-5.19	-33.56	7.93	other	model	precip
50.33	-3.75	-5.45	-35.42	8.20	other	model	precip
50.33	-4.69	-4.99	-31.86	8.09	other	model	precip
50.79	-1.88	-5.61	-36.74	8.12	other	model	precip
50.79	-4.22	-5.68	-37.38	8.09	other	model	precip
50.79	-4.22	-5.68	-37.38	8.09	other	model	precip
50.79	-4.69	-5.06	-32.43	8.04	other	model	precip
50.79	-4.69	-5.06	-32.43	8.04	other	model	precip
50.79	-2.34	-5.47	-35.64	8.10	other	model	precip
50.79	-3.28	-5.65	-36.84	8.34	other	model	precip
50.79	-2.81	-5.42	-35.31	8.07	other	model	precip
50.79	-0.94	-5.26	-33.78	8.26	other	model	precip
50.79	-1.88	-5.61	-36.74	8.12	other	model	precip
50.79	0.00	-5.21	-33.87	7.82	other	model	precip
50.79	-1.41	-5.69	-37.26	8.24	other	model	precip
50.79	-0.47	-5.27	-34.04	8.16	other	model	precip
50.79	0.47	-5.30	-34.65	7.77	other	model	precip
50.79	-0.94	-5.26	-33.78	8.26	other	model	precip
50.79	-1.41	-5.69	-37.26	8.24	other	model	precip
50.79	-1.41	-5.69	-37.26	8.24	other	model	precip
50.79	-3.28	-5.65	-36.84	8.34	other	model	precip
50.79	0.94	-5.46	-35.79	7.87	other	model	precip
51.26	0.94	-5.89	-38.65	8.48	other	model	precip
51.26	0.00	-5.97	-39.28	8.47	other	model	precip
51.73	-2.34	-6.12	-40.74	8.21	other	model	precip
51.73	-1.88	-6.24	-41.59	8.35	other	model	precip
39.09	8.91	-4.90	-27.87	11.36	other	model	precip
40.49	8.44	-5.05	-30.85	9.57	other	model	precip
41.90	12.66	-6.01	-37.20	10.87	other	model	precip
42.37	12.19	-6.14	-37.82	11.26	other	model	precip
42.37	11.72	-5.57	-34.17	10.40	other	model	precip
42.37	11.72	-5.57	-34.17	10.40	other	model	precip
42.83	10.31	-5.22	-33.65	8.14	other	model	precip
43.30	11.25	-5.92	-36.95	10.43	other	model	precip
43.77	10.31	-5.66	-36.17	9.14	other	model	precip
43.77	11.25	-6.32	-38.71	11.83	other	model	precip
43.77	7.97	-6.13	-38.55	10.48	other	model	precip
44.24	9.84	-5.96	-37.01	10.66	other	model	precip
44.24	7.50	-8.36	-57.18	9.68	other	model	precip
44.24	8.91	-6.09	-38.53	10.22	other	model	precip
44.24	9.84	-5.96	-37.01	10.66	other	model	precip
45.18	9.84	-6.60	-43.75	9.01	other	model	precip
45.18	8.44	-5.84	-38.19	8.56	other	model	precip
45.64	9.38	-6.17	-39.97	9.41	other	model	precip
45.64	8.44	-6.51	-41.34	10.73	other	model	precip
46.11	10.31	-9.19	-62.42	11.11	other	model	precip
46.11	8.44	-9.00	-60.84	11.15	other	model	precip
46.11	11.25	-8.37	-56.24	10.71	other	model	precip
46.11	7.97	-10.86	-75.22	11.67	other	model	precip
46.11	11.25	-8.37	-56.24	10.71	other	model	precip
46.11	10.78	-8.89	-60.07	11.05	other	model	precip
46.11	10.78	-8.89	-60.07	11.05	other	model	precip
46.11	9.38	-8.37	-55.93	11.02	other	model	precip
50.79	5.63	-6.47	-42.35	9.38	other	model	precip
51.73	5.16	-6.21	-40.68	9.02	other	model	precip
52.20	5.16	-6.48	-42.95	8.89	other	model	precip
40.49	-3.75	-6.68	-42.05	11.41	other	model	precip
40.96	0.47	-5.50	-33.77	10.25	other	model	precip
41.43	-6.09	-6.38	-39.78	11.23	other	model	precip
41.43	-6.56	-6.05	-37.00	11.38	other	model	precip
41.43	-4.69	-7.53	-49.95	10.25	other	model	precip
41.90	-0.94	-5.59	-33.82	10.91	other	model	precip
41.90	2.81	-5.49	-34.24	9.71	other	model	precip
42.37	-5.63	-6.15	-38.33	10.87	other	model	precip
42.83	-7.03	-6.14	-37.19	11.94	other	model	precip
43.30	-3.75	-5.52	-33.07	11.07	other	model	precip
42.37	1.88	-6.87	-45.89	9.09	other	model	ground
50.79	3.28	-6.01	-40.39	7.67	other	model	ground
50.79	5.63	-6.35	-42.67	8.11	other	model	ground
50.79	3.28	-6.01	-40.39	7.67	other	model	ground
47.52	7.50	-7.38	-50.29	8.77	other	model	ground
48.45	7.97	-7.19	-48.66	8.89	other	model	ground
47.98	7.50	-7.34	-49.38	9.37	other	model	ground
48.45	7.97	-7.19	-48.66	8.89	other	model	ground
51.73	0.00	-5.75	-39.96	6.03	other	model	ground
49.39	6.09	-6.24	-41.57	8.38	other	model	ground
50.79	4.22	-6.03	-40.31	7.94	other	model	ground
46.11	8.91	-7.77	-52.43	9.74	other	model	ground
46.58	8.44	-9.39	-66.47	8.64	other	model	ground
46.58	8.44	-9.39	-66.47	8.64	other	model	ground
47.05	7.50	-8.64	-60.37	8.72	other	model	ground
47.52	11.25	-9.83	-70.29	8.35	other	model	ground
47.52	7.50	-7.38	-50.29	8.77	other	model	ground
47.52	9.38	-8.71	-60.86	8.81	other	model	ground
47.52	7.97	-7.62	-52.50	8.49	other	model	ground
47.52	7.97	-7.62	-52.50	8.49	other	model	ground
47.98	11.25	-8.76	-61.66	8.38	other	model	ground
48.92	9.38	-7.04	-47.68	8.65	other	model	ground
48.92	8.44	-7.13	-48.77	8.30	other	model	ground
49.39	8.91	-6.83	-46.58	8.10	other	model	ground
49.86	6.56	-6.44	-43.33	8.20	other	model	ground
49.86	8.44	-7.13	-48.80	8.23	other	model	ground
50.33	7.03	-6.76	-45.92	8.13	other	model	ground
50.33	7.50	-7.15	-49.27	7.91	other	model	ground
50.33	7.50	-7.15	-49.27	7.91	other	model	ground
50.33	9.84	-7.01	-47.71	8.41	other	model	ground
51.26	8.44	-6.31	-42.76	7.68	other	model	ground
51.73	6.56	-6.00	-40.01	8.01	other	model	ground
50.79	1.88	-5.81	-39.23	7.23	other	model	ground
49.86	-5.63	nan	nan	nan	other	model	ground
50.33	-5.16	-5.08	-33.74	6.88	other	model	ground
50.33	-5.63	nan	nan	nan	other	model	ground
50.33	-5.16	-5.08	-33.74	6.88	other	model	ground
50.33	-5.63	nan	nan	nan	other	model	ground
50.33	-5.63	nan	nan	nan	other	model	ground
50.33	-5.16	-5.08	-33.74	6.88	other	model	ground
50.33	-3.75	-5.25	-35.16	6.82	other	model	ground
50.33	-4.69	nan	nan	nan	other	model	ground
50.79	-1.88	-5.15	-34.63	6.56	other	model	ground
50.79	-4.22	-5.61	-37.67	7.23	other	model	ground
50.79	-4.22	-5.61	-37.67	7.23	other	model	ground
50.79	-4.69	nan	nan	nan	other	model	ground
50.79	-4.69	nan	nan	nan	other	model	ground
50.79	-2.34	-5.14	-34.69	6.44	other	model	ground
50.79	-3.28	-5.45	-36.65	6.95	other	model	ground
50.79	-2.81	-5.17	-34.91	6.47	other	model	ground
50.79	-0.94	nan	nan	nan	other	model	ground
50.79	-1.88	-5.15	-34.63	6.56	other	model	ground
50.79	0.00	nan	nan	nan	other	model	ground
50.79	-1.41	-5.16	-34.66	6.62	other	model	ground
50.79	-0.47	nan	nan	nan	other	model	ground
50.79	0.47	nan	nan	nan	other	model	ground
50.79	-0.94	nan	nan	nan	other	model	ground
50.79	-1.41	-5.16	-34.66	6.62	other	model	ground
50.79	-1.41	-5.16	-34.66	6.62	other	model	ground
50.79	-3.28	-5.45	-36.65	6.95	other	model	ground
50.79	0.94	nan	nan	nan	other	model	ground
51.26	0.94	-5.55	-37.84	6.55	other	model	ground
51.26	0.00	-5.51	-37.88	6.20	other	model	ground
51.73	-2.34	-5.83	-40.63	5.99	other	model	ground
51.73	-1.88	-5.82	-40.49	6.11	other	model	ground
39.09	8.91	-3.75	-23.24	6.80	other	model	ground
40.49	8.44	-4.56	-29.36	7.11	other	model	ground
41.90	12.66	-5.72	-36.19	9.59	other	model	ground
42.37	12.19	-5.66	-36.18	9.08	other	model	ground
42.37	11.72	-5.28	-33.33	8.90	other	model	ground
42.37	11.72	-5.28	-33.33	8.90	other	model	ground
42.83	10.31	nan	nan	nan	other	model	ground
43.30	11.25	-5.31	-34.35	8.10	other	model	ground
43.77	10.31	-5.34	-34.81	7.91	other	model	ground
43.77	11.25	-5.47	-35.36	8.41	other	model	ground
43.77	7.97	nan	nan	nan	other	model	ground
44.24	9.84	-5.13	-32.93	8.15	other	model	ground
44.24	7.50	-8.13	-55.65	9.38	other	model	ground
44.24	8.91	nan	nan	nan	other	model	ground
44.24	9.84	-5.13	-32.93	8.15	other	model	ground
45.18	9.84	-6.78	-45.33	8.88	other	model	ground
45.18	8.44	-5.98	-39.03	8.80	other	model	ground
45.64	9.38	-6.31	-40.97	9.48	other	model	ground
45.64	8.44	-6.42	-40.53	10.81	other	model	ground
46.11	10.31	-8.72	-59.08	10.72	other	model	ground
46.11	8.44	-8.21	-55.22	10.49	other	model	ground
46.11	11.25	-8.13	-54.82	10.20	other	model	ground
46.11	7.97	-9.35	-64.58	10.18	other	model	ground
46.11	11.25	-8.13	-54.82	10.20	other	model	ground
46.11	10.78	-8.31	-55.46	11.05	other	model	ground
46.11	10.78	-8.31	-55.46	11.05	other	model	ground
46.11	9.38	-8.16	-54.50	10.76	other	model	ground
50.79	5.63	-6.35	-42.67	8.11	other	model	ground
51.73	5.16	-5.96	-39.37	8.29	other	model	ground
52.20	5.16	-6.01	-40.12	7.98	other	model	ground
40.49	-3.75	-6.38	-41.23	9.85	other	model	ground
40.96	0.47	-5.11	-32.37	8.50	other	model	ground
41.43	-6.09	-6.30	-40.22	10.22	other	model	ground
41.43	-6.56	-5.86	-37.03	9.82	other	model	ground
41.43	-4.69	-7.28	-49.60	8.62	other	model	ground
41.90	-0.94	-5.51	-35.31	8.74	other	model	ground
41.90	2.81	-5.33	-33.63	8.99	other	model	ground
42.37	-5.63	-5.73	-36.63	9.20	other	model	ground
42.83	-7.03	-5.99	-37.30	10.59	other	model	ground
43.30	-3.75	-5.47	-33.30	10.43	other	model	ground
